Sitting,27.191529273986816,0,48,153,195,150,4095,0,0,0,97,0,81,393,0,54,0,106,441,175,335,750,951,4095,0,1434,4095,422,128,686,384
Sitting,29.2172794342041,0,51,143,181,141,4095,0,0,0,27,0,9,487,0,128,0,116,441,243,298,668,896,4095,0,1355,4095,439,98,655,336
Sitting,31.230028867721558,18,103,182,259,138,4095,0,0,0,80,0,68,395,0,70,0,139,494,256,317,675,912,4095,0,1418,4095,413,73,601,265
Sitting,33.23510980606079,3,48,167,206,144,4095,0,0,0,25,0,6,444,0,102,1,145,468,259,346,747,1009,4095,0,1459,4095,492,112,679,346
Sitting,35.240251302719116,0,47,139,203,174,4095,0,0,0,30,0,12,443,0,103,0,107,423,205,349,752,979,4095,0,1400,4095,403,63,590,237
Sitting,37.24630689620972,31,82,173,278,181,4095,0,0,0,46,0,16,438,0,105,22,141,490,185,323,693,949,4095,0,1393,4095,449,65,609,307
Sitting,39.254600048065186,31,148,208,245,175,4095,0,0,0,80,0,65,379,0,59,0,112,454,245,322,711,959,4095,0,1520,4095,527,112,690,374
Sitting,41.266205072402954,11,167,157,240,149,4095,0,0,0,89,9,93,457,0,109,0,113,460,240,337,749,985,4095,0,1562,4095,450,37,567,255
Sitting,43.27077531814575,10,51,151,227,174,4095,0,0,0,4,0,0,435,0,100,19,186,311,186,330,726,934,4095,0,1312,4095,370,101,631,320
Sitting,45.27500057220459,23,85,197,244,143,4095,5,0,0,48,0,34,402,0,46,16,151,560,184,299,661,868,4095,0,1555,4095,447,102,695,239
Sitting,47.27853322029114,1,64,157,221,145,4095,0,0,0,65,0,48,384,0,51,6,159,501,263,337,734,986,4095,0,1390,4095,462,35,571,266
Sitting,49.28672552108765,16,95,177,240,179,4095,0,0,0,94,16,1,401,0,37,13,171,551,192,313,669,890,4095,0,1485,4095,444,128,705,263
Sitting,51.29767370223999,48,128,240,219,119,4095,0,0,0,96,0,87,333,0,31,0,92,437,177,366,753,987,4095,0,1299,4095,403,64,618,272
Sitting,53.301610231399536,28,91,190,247,218,4095,0,0,0,19,0,59,375,0,56,5,133,487,262,423,752,1008,4095,0,1392,4095,453,107,709,234
Sitting,55.309951066970825,0,43,161,182,128,4095,0,0,0,77,0,64,473,0,39,16,176,528,203,348,736,991,4095,0,1367,4095,437,127,641,284
Sitting,57.33489274978638,13,54,182,208,134,4095,0,0,0,39,0,28,381,0,23,0,90,418,201,336,704,943,4095,0,1497,4095,510,97,687,307
Sitting,59.346599102020264,5,81,154,236,145,4095,0,0,0,27,0,46,465,0,117,0,122,461,169,333,717,946,4095,0,1328,4095,440,115,642,240
Sitting,61.36422896385193,9,55,170,227,208,4095,0,0,0,98,0,80,434,0,93,0,91,415,261,323,671,902,4095,0,1339,4095,433,59,606,261
Sitting,63.373844146728516,17,63,126,211,138,4095,0,0,0,18,0,23,389,0,53,0,93,426,189,345,742,971,4095,0,1401,4095,406,38,593,254
Sitting,65.38432884216309,3,63,160,213,193,4095,0,0,0,58,0,48,390,0,33,2,126,470,234,310,671,891,4095,0,1351,4095,391,122,628,251
Sitting,67.40280342102051,14,53,178,207,182,4095,0,0,0,16,0,35,384,0,64,0,113,468,165,368,783,1023,4095,0,1392,4095,461,127,626,241
Sitting,69.4194586277008,5,85,151,235,212,4095,1,0,0,44,0,49,395,0,31,26,112,467,178,330,722,932,4095,0,1374,4095,399,48,589,208
Sitting,71.44163608551025,11,61,158,207,245,4095,0,0,0,89,10,78,391,0,30,0,113,448,160,336,736,943,4095,0,1386,4095,402,83,659,315
Sitting,73.47135829925537,30,64,160,211,118,4095,0,0,0,59,0,48,398,0,74,6,160,577,261,426,749,1003,4095,0,1344,4095,430,80,622,268
Sitting,75.48017835617065,4,65,125,211,170,4095,0,0,0,77,0,64,386,0,32,0,142,476,247,396,800,1040,4095,0,1360,4095,394,132,682,311
Sitting,77.50194263458252,0,41,130,208,144,4095,0,0,0,51,0,45,406,0,51,0,80,530,202,330,698,912,4095,0,1474,4095,496,33,597,244
Sitting,79.5201108455658,0,67,155,192,157,4095,0,0,0,15,0,0,464,0,28,16,174,527,194,388,816,1056,4095,0,1453,4095,460,101,708,224
Sitting,81.53497576713562,17,90,181,237,138,4095,0,0,0,37,0,30,368,0,50,9,160,538,180,384,795,975,4095,0,1515,4095,520,59,626,223
Sitting,83.55362391471863,17,96,176,247,117,4095,0,0,0,10,0,0,378,0,55,0,80,447,201,315,667,848,4095,0,1275,4095,390,99,683,271
Sitting,85.5708179473877,2,67,234,222,160,4095,0,0,0,64,0,34,350,0,10,16,155,529,226,321,618,912,4095,0,1458,4095,295,33,581,155
Sitting,87.58281397819519,16,75,148,212,213,4095,0,0,0,0,0,37,494,0,259,13,176,511,255,320,698,880,4095,0,1501,4095,463,51,591,225
Sitting,89.60156488418579,18,96,187,259,216,4095,0,0,0,17,0,20,343,0,16,11,239,421,245,337,733,923,4095,0,1414,4095,455,12,578,139
Sitting,91.62009787559509,18,95,181,238,173,4095,0,0,0,84,0,78,445,0,0,0,141,474,236,345,741,927,4095,0,1453,4095,411,43,606,119
Sitting,93.63950443267822,14,71,149,208,112,4095,0,0,0,0,0,15,448,0,0,25,3,481,168,406,845,1044,4095,0,1370,4095,370,94,688,130
Sitting,95.66012239456177,46,145,229,225,112,4095,0,0,0,5,0,0,368,0,55,0,143,459,197,337,740,917,4095,0,1413,4095,387,96,622,129
Sitting,97.67787313461304,15,78,159,209,174,4095,0,0,0,75,2,65,349,0,5,0,111,477,144,382,816,986,4095,0,1425,4095,448,79,690,75
Sitting,99.69513845443726,10,80,171,208,209,4095,0,0,0,54,0,48,443,0,96,0,115,463,203,403,739,945,4095,0,1463,4095,468,53,611,194
Sitting,101.71634531021118,16,112,176,246,214,4095,0,0,13,6,0,0,342,0,33,21,117,501,165,348,720,887,4095,0,1298,4095,387,28,610,153
Sitting,103.73428320884705,16,0,189,257,217,4095,0,0,0,0,0,0,384,0,31,0,143,482,227,386,843,1019,4095,0,1364,4095,435,52,654,189
Sitting,105.74723243713379,25,93,190,234,197,4095,0,0,0,14,5,5,464,0,80,0,148,485,233,383,811,991,4095,0,1328,4095,380,83,623,126
Sitting,107.76426243782043,17,94,177,259,178,4095,0,0,0,0,0,50,379,0,29,0,142,501,242,337,593,899,4095,0,1503,4095,390,77,656,192
Sitting,109.78428435325623,0,51,147,194,113,4095,0,0,0,52,0,64,338,0,0,31,113,461,147,350,711,880,4095,0,1342,4095,403,19,571,88
Sitting,111.80457329750061,2,80,161,208,154,4095,0,0,0,16,0,3,418,0,80,0,151,602,240,368,807,945,4095,0,1455,4095,448,46,641,154
Sitting,113.82390594482422,42,154,226,222,171,4095,0,0,0,36,0,33,321,0,16,12,182,565,193,347,784,982,4095,0,1394,4095,417,49,651,176
Sitting,115.83991384506226,14,95,165,234,152,4095,0,0,0,84,0,77,382,0,62,21,181,569,190,326,753,915,4095,0,1332,4095,387,0,612,159
Sitting,117.84949731826782,37,146,217,289,179,4095,0,0,0,10,0,0,410,0,74,0,83,464,166,386,832,880,4095,0,1451,4095,449,17,569,120
Sitting,119.86845970153809,0,56,143,171,207,4095,0,0,0,48,0,39,352,0,100,0,111,454,176,380,811,976,4095,0,1350,4095,177,35,607,144
Sitting,121.88746929168701,7,95,161,217,131,4095,0,0,0,14,0,30,325,0,0,3,159,511,251,334,688,816,4095,0,1431,4095,394,17,597,71
Sitting,123.9060263633728,26,131,192,273,226,4095,0,0,0,18,0,16,412,0,78,0,155,535,255,340,746,869,4095,0,1425,4095,451,30,601,155
Sitting,125.92342472076416,16,94,171,228,180,4095,0,0,0,16,18,15,364,0,16,22,114,493,155,325,712,832,4095,0,1351,4095,415,18,575,77
Sitting,127.94122457504272,0,64,144,179,115,4095,0,0,0,55,0,49,355,0,43,0,139,475,223,346,763,919,4095,0,1520,4095,373,67,681,96
Sitting,129.96005582809448,0,78,142,211,121,4095,0,0,0,39,0,32,381,0,37,0,102,416,194,320,709,879,4095,0,1451,4095,462,3,559,115
Sitting,131.97972631454468,12,85,166,219,158,4095,0,0,0,54,0,48,443,0,99,0,103,441,186,289,689,863,4095,0,1408,4095,447,84,626,106
Sitting,133.99135446548462,16,81,256,214,217,4095,0,34,0,21,0,15,435,0,98,0,130,496,239,338,751,906,4095,0,1456,4095,459,45,672,121
Sitting,136.00623512268066,0,71,150,198,145,4095,0,0,0,16,0,9,335,0,2,0,115,479,222,302,665,809,4095,0,1309,4095,384,80,661,100
Sitting,138.02430391311646,0,57,159,195,129,4095,0,0,0,16,35,33,348,0,75,0,91,478,206,321,689,854,4095,0,1248,4095,379,27,602,136
Sitting,140.04640913009644,14,110,174,239,144,4095,0,0,0,14,0,6,347,0,9,0,105,511,186,336,752,897,4095,0,1394,4095,358,15,563,77
Sitting,142.06453466415405,0,87,153,209,219,4095,0,0,0,53,0,48,337,0,1,0,126,469,239,317,705,865,4095,0,1387,4095,346,80,671,176
Sitting,144.08276534080505,30,144,199,277,127,4095,0,0,0,80,0,75,341,0,34,0,144,503,235,323,708,853,4095,0,1407,4095,371,65,679,163
Sitting,146.0984981060028,43,154,225,225,163,4095,0,0,0,12,0,2,379,0,58,16,169,549,181,298,699,832,4095,0,1344,4095,331,55,646,144
Sitting,148.11844062805176,18,109,190,240,169,4095,0,0,0,50,0,64,423,0,82,27,123,474,146,359,750,896,4095,0,1280,4095,364,49,641,157
Sitting,150.13683128356934,3,68,163,193,161,4095,0,0,0,16,0,3,325,0,1,0,112,454,227,384,823,949,4095,0,1297,4095,465,67,678,162
Sitting,152.17123460769653,32,142,181,272,157,4095,0,0,0,32,0,23,374,0,55,11,158,526,186,345,720,871,4095,0,1424,4095,446,93,619,96
Sitting,154.19011306762695,22,106,179,238,204,4095,0,0,0,3,0,13,359,0,16,0,112,461,226,342,762,843,4095,0,1353,4095,435,25,584,81
Sitting,156.20264220237732,16,88,197,199,178,4095,0,0,0,81,0,0,405,0,80,25,123,481,163,304,674,806,4095,0,1414,4095,422,69,688,81
Sitting,158.2186918258667,43,170,234,207,155,4095,0,0,0,14,0,2,326,0,23,0,125,467,157,310,684,813,4095,0,1381,4095,405,81,623,82
Sitting,160.23246884346008,0,75,144,225,133,4095,0,0,0,49,0,48,369,0,85,0,95,448,187,294,700,816,4095,0,1405,4095,421,77,704,87
Sitting,162.249361038208,3,80,183,208,152,4095,0,0,0,16,0,0,399,0,69,10,176,558,181,386,799,945,4095,0,1397,4095,357,70,663,164
Sitting,164.26267790794373,30,139,202,276,183,4095,0,0,0,64,0,64,326,0,26,0,117,511,177,328,686,832,4095,0,1296,4095,366,27,587,796
Sitting,166.27134728431702,14,97,173,221,121,4095,0,0,0,0,0,0,413,0,81,7,169,543,256,363,786,865,4095,0,1463,4095,440,22,592,112
Sitting,168.28954577445984,0,77,143,175,173,4095,16,0,0,18,0,14,351,0,38,0,108,464,153,307,773,900,4095,0,1391,4095,358,64,675,143
Sitting,170.30243802070618,3,78,148,193,223,4095,6,0,0,87,0,83,346,0,28,16,186,554,184,372,766,899,4095,0,1363,4095,399,81,624,80
Sitting,172.3214931488037,0,66,144,189,224,4095,0,0,0,80,0,75,401,0,80,6,169,511,255,311,724,829,4095,0,1274,4095,347,23,595,112
Sitting,174.34661054611206,0,62,153,205,214,4095,0,0,0,64,0,65,355,0,46,0,128,480,212,328,722,880,4095,0,1371,4095,347,20,565,71
Sitting,176.36986899375916,26,54,143,220,215,4095,0,0,0,38,0,61,349,0,45,0,109,437,182,402,779,890,4095,0,1394,4095,407,50,727,141
Sitting,178.38589239120483,35,128,209,255,134,4095,0,0,0,74,0,72,323,0,15,0,141,470,215,347,721,870,4095,0,1424,4095,380,7,567,109
Sitting,180.40486335754395,0,68,141,178,75,4095,0,0,0,6,0,34,352,0,64,16,168,539,251,323,698,818,4095,0,1475,4095,368,44,593,125
Sitting,182.42491602897644,24,128,191,260,155,4095,0,0,0,0,0,60,422,0,10,0,119,464,160,330,727,845,4095,0,1301,4095,321,6,567,111
Sitting,184.4439115524292,19,103,176,228,208,4095,0,0,0,0,0,13,301,0,0,0,144,502,246,342,741,888,4095,0,1381,4095,400,38,642,154
Sitting,186.46112895011902,10,108,171,229,233,4095,0,0,0,5,0,0,409,0,72,0,117,465,201,371,810,914,4095,0,1249,4095,337,7,610,95
Sitting,188.47949862480164,5,83,0,210,123,4095,0,0,0,69,0,71,393,0,65,13,154,511,253,368,743,907,4095,0,1333,4095,464,48,650,161
Sitting,190.49970865249634,2,92,159,217,133,4095,0,0,0,42,0,37,340,0,12,0,138,475,236,390,794,962,4095,0,1257,4095,334,80,699,99
Sitting,192.5183868408203,1,79,167,198,33,4095,0,0,0,51,0,41,387,0,36,0,97,448,192,327,719,905,4095,16,1421,4095,432,48,630,154
Sitting,194.5369997024536,0,74,162,186,158,4095,0,0,0,30,0,43,432,0,84,26,102,453,211,299,688,833,4095,0,1451,4095,301,15,749,83
Sitting,196.55560779571533,16,133,192,256,193,4095,0,0,0,94,0,80,428,0,90,0,128,479,214,338,753,865,4095,0,1492,4095,384,103,609,107
Sitting,198.58225011825562,9,78,167,229,151,4095,0,0,0,25,0,22,371,0,5,10,176,527,260,374,800,925,4095,0,1397,4095,352,77,619,90
Sitting,200.60408973693848,31,153,211,275,195,4095,0,0,0,64,0,59,325,0,26,0,227,466,144,325,701,801,4095,0,1282,4095,352,14,595,710
Sitting,202.62197279930115,17,112,188,238,149,4095,0,0,0,36,0,32,405,0,31,9,179,538,182,368,798,910,4095,0,1491,4095,366,11,560,109
Sitting,204.63025403022766,27,144,208,274,174,4095,0,0,0,58,0,53,364,0,60,15,183,570,176,378,814,921,4095,0,1476,4095,362,77,700,83
Sitting,206.6493182182312,18,97,187,223,139,4095,0,0,0,28,0,19,374,0,66,0,91,429,210,322,715,829,4095,0,1277,4095,306,63,679,96
Sitting,208.66823720932007,0,73,139,182,243,4095,0,0,0,90,16,79,440,0,0,16,175,548,203,366,786,885,4095,0,1375,4095,400,13,646,69
Sitting,210.6810324192047,5,89,163,213,174,4095,0,0,0,53,0,46,383,0,91,0,133,452,210,320,711,832,4095,0,1344,4095,347,7,570,110
Sitting,212.6921193599701,0,78,133,272,214,4095,0,0,0,79,0,65,303,0,23,3,140,491,246,320,670,805,4095,0,1331,4095,322,77,680,88
Sitting,214.71117758750916,33,142,223,273,113,4095,0,0,0,15,0,91,349,0,47,24,182,563,192,336,723,843,4095,0,1269,4095,352,67,613,97
Sitting,216.72965741157532,16,133,214,41,174,4095,0,0,0,136,0,63,421,0,15,0,111,447,208,401,762,880,4095,0,1411,4095,412,11,593,807
Sitting,218.74908566474915,0,77,141,186,191,4095,0,0,0,19,0,10,331,0,45,7,174,550,183,300,662,781,4095,0,1371,4095,271,0,561,113
Sitting,220.76700735092163,0,203,84,190,162,4095,0,0,0,16,0,0,437,0,17,0,141,490,242,347,726,866,4095,0,1406,4095,411,48,625,137
Sitting,222.782452583313,0,71,149,201,180,4095,0,0,0,35,0,8,387,0,72,0,96,443,272,375,800,909,4095,0,1287,4095,357,51,568,553
Sitting,224.8069248199463,16,107,179,235,208,4095,0,0,0,0,0,31,432,0,66,0,139,464,229,391,811,935,4095,0,1261,4095,343,75,669,160
Sitting,226.8263931274414,0,86,158,201,125,4095,0,0,0,77,0,76,402,0,13,22,184,483,179,303,675,807,4095,0,1456,4095,432,71,658,159
Sitting,228.84704542160034,1,108,164,207,133,4095,0,0,0,69,0,59,299,0,7,0,144,496,242,396,755,946,4095,0,1296,4095,346,6,583,62
Sitting,230.86761212348938,12,101,179,224,175,4095,0,0,0,87,0,14,337,0,2,16,194,482,144,429,685,832,4095,0,1397,4095,406,69,646,151
Sitting,232.88515520095825,2,112,135,222,160,4095,0,0,0,83,0,82,351,0,43,3,167,538,256,421,742,891,4095,0,1294,4095,357,94,604,89
Sitting,234.89690852165222,39,155,222,225,150,4095,0,0,0,0,0,14,318,0,0,0,115,453,154,293,710,803,4095,0,1425,4095,417,48,637,139
Sitting,236.9241271018982,39,141,222,276,183,4095,0,0,0,16,0,13,371,0,52,16,171,543,240,412,750,882,4095,0,1257,4095,322,5,608,751
Sitting,238.9422311782837,1,90,251,203,172,4095,0,0,0,5,0,0,320,0,11,22,203,477,182,332,747,944,4095,0,1261,4095,334,24,605,113
Sitting,240.95547771453857,14,125,180,256,193,4095,0,0,0,65,0,62,346,0,42,0,95,438,195,308,686,786,4095,0,1443,4095,385,26,602,112
Sitting,242.97522974014282,15,18,184,254,163,4095,0,0,0,52,0,48,411,0,5,0,114,485,160,336,863,847,4095,0,1249,4095,333,49,650,141
Sitting,244.993266582489,33,149,208,285,208,4095,0,0,0,32,0,64,378,0,63,0,112,468,155,335,733,847,4095,0,1291,4095,304,0,566,95
Sitting,247.01196479797363,0,85,144,223,137,4095,0,0,0,11,0,0,400,0,3,0,128,471,73,325,699,806,4095,0,1337,4095,373,0,558,64
Sitting,249.03072357177734,1,113,165,231,141,4095,0,0,0,1,0,0,320,0,0,1,144,498,252,336,745,838,4095,0,1394,4095,400,20,596,131
Sitting,251.04253816604614,14,106,171,224,129,4095,0,0,0,8,0,2,301,0,0,0,128,470,214,310,690,802,4095,0,1309,4095,363,51,627,143
Sitting,253.06112575531006,44,184,234,238,172,4095,0,0,0,36,0,71,323,0,9,21,163,528,258,335,743,833,4095,0,1344,4095,368,12,569,108
Sitting,255.07248616218567,7,105,161,228,159,4095,0,0,0,20,0,9,351,0,49,0,113,399,157,413,743,877,4095,0,1389,4095,346,31,581,115
Sitting,257.0911066532135,20,122,198,242,130,4095,0,0,0,15,0,96,335,0,0,0,116,501,159,417,757,954,4095,0,1535,4095,367,32,669,148
Sitting,259.1109526157379,0,102,152,199,157,4095,0,0,0,66,2,65,335,0,0,16,172,544,208,339,751,843,4095,0,1299,4095,351,47,640,134
Sitting,261.1307966709137,21,117,189,269,130,4095,0,0,0,90,0,81,381,0,64,19,176,551,274,334,736,834,4095,0,1302,4095,346,0,551,107
Sitting,263.1481845378876,19,212,159,208,202,4095,0,0,0,35,0,55,393,0,65,0,89,430,214,261,747,880,4095,0,1458,4095,349,128,563,657
Sitting,265.1595537662506,0,79,143,179,217,4095,0,0,0,52,0,51,320,0,18,0,127,453,213,335,732,837,4095,0,1386,4095,363,41,605,126
Sitting,267.1673059463501,0,78,164,183,204,4095,0,0,0,48,0,47,343,0,32,0,95,434,211,396,754,1003,4095,0,1389,4095,389,45,614,131
Sitting,269.1809525489807,34,159,255,277,118,4095,0,0,0,16,0,15,314,0,22,11,177,525,264,299,706,783,4095,0,1290,4095,295,27,576,112
Sitting,271.1911518573761,0,90,64,178,197,4095,0,0,0,23,0,25,400,0,68,0,144,485,165,422,784,830,4095,0,1317,4095,358,70,672,80
Sitting,273.2052381038666,2,118,142,221,222,4095,0,0,0,47,0,49,307,0,0,0,105,457,195,373,805,912,4095,0,1363,4095,384,0,578,69
Sitting,275.21479392051697,3,96,137,222,222,4095,0,0,0,36,0,35,304,0,0,0,131,465,173,367,784,871,4095,0,1305,4095,413,0,560,999
Sitting,277.2230689525604,0,95,158,203,194,4095,0,0,0,0,0,1,307,0,0,13,179,561,189,319,701,803,4095,0,1298,4095,368,7,617,65
Sitting,279.2332103252411,20,155,195,272,143,4095,0,0,0,64,0,59,407,0,2,0,98,435,203,404,751,863,4095,0,1391,4095,391,65,649,149
Sitting,281.2453262805939,12,120,171,235,144,4095,0,0,0,56,0,111,326,0,48,0,89,451,210,411,771,895,4095,0,1424,4095,443,0,550,99
Sitting,283.25939083099365,43,93,165,197,178,4095,0,0,0,1,0,9,339,0,36,0,107,439,176,396,843,954,4095,0,1461,4095,563,21,591,133
Sitting,285.27672600746155,4,96,165,215,133,4095,0,0,0,105,0,80,346,0,11,21,147,501,245,280,714,776,4095,0,1291,4095,443,146,597,537
Sitting,287.2829999923706,0,42,145,206,176,4095,0,0,0,96,64,117,373,0,92,34,174,560,233,400,801,657,4095,0,1296,4095,432,48,582,296
Sitting,289.3009366989136,0,77,140,208,147,4095,0,0,0,104,0,5,228,0,42,0,97,498,182,333,720,745,4095,0,1302,4095,378,16,560,94
Sitting,291.3187973499298,43,119,238,273,18,4095,0,0,28,177,0,64,262,0,7,53,101,494,203,411,656,1190,4095,0,1402,4095,419,11,591,183
Sitting,293.32934522628784,36,159,236,242,207,4095,0,0,0,85,0,67,571,0,528,0,114,470,176,338,703,960,4095,0,1350,4095,318,158,611,401
Sitting,295.3517620563507,21,161,204,263,207,4095,0,0,0,71,0,62,471,0,121,103,102,449,230,329,656,889,4095,0,1328,4095,336,9,567,176
Sitting,297.3650815486908,7,121,163,225,156,4095,0,0,0,59,21,47,459,0,45,0,112,446,208,322,657,869,4095,0,1425,4095,417,50,624,211
Sitting,299.41330456733704,0,102,163,258,275,4095,0,0,0,29,0,20,432,0,103,0,117,502,176,311,677,913,4095,0,1422,4095,427,74,655,214
Sitting,301.42473435401917,18,192,189,254,203,4095,0,0,0,22,0,10,417,0,100,22,179,560,206,347,767,950,4095,0,1405,4095,423,78,676,64
Sitting,303.4320185184479,0,101,138,208,167,4095,0,0,0,86,0,93,366,0,57,34,100,483,184,304,688,944,4095,0,1497,4095,522,80,677,230
Sitting,305.45096158981323,0,77,149,275,176,4095,0,0,0,39,0,18,369,0,39,0,98,400,194,399,751,954,4095,0,1402,4095,419,48,607,192
Sitting,307.473592042923,15,108,156,209,191,4095,0,0,0,25,0,15,356,0,55,4,147,530,279,326,694,927,4095,0,1239,4095,448,61,626,240
Sitting,309.49181723594666,0,114,144,206,144,4095,0,0,0,23,0,14,346,0,16,2,128,495,270,323,734,880,4095,0,1535,4095,450,46,611,193
Sitting,311.5135359764099,16,135,183,241,132,4095,0,0,0,66,0,77,389,0,80,0,110,470,283,331,747,990,4095,0,1472,4095,447,47,614,223
Sitting,313.5332806110382,0,144,176,193,190,4095,0,0,0,21,0,13,357,0,52,0,99,528,183,385,853,1040,4095,0,1431,4095,476,62,638,209
Sitting,315.55049657821655,27,123,135,247,0,4095,0,0,0,63,0,75,379,0,16,6,150,499,272,316,735,912,4095,0,1328,4095,422,18,579,174
Sitting,317.5566301345825,0,112,164,247,192,4095,0,0,0,81,0,74,355,0,50,22,86,480,205,381,832,1037,4095,0,1451,4095,438,35,605,148
Sitting,319.5745198726654,84,48,187,244,144,4095,0,0,0,42,0,28,394,0,80,16,165,572,206,393,831,1051,4095,0,1445,4095,411,81,689,237
Sitting,321.59533309936523,38,151,243,259,159,4095,0,0,0,78,0,66,357,0,144,0,101,463,231,353,719,950,4095,0,1474,4095,496,27,599,147
Sitting,323.6131238937378,0,87,161,183,130,4095,0,0,0,50,0,42,342,0,17,0,110,457,241,350,782,964,4095,0,1442,4095,429,93,688,171
Sitting,325.6330018043518,16,153,182,215,156,4095,0,0,0,81,0,70,414,0,16,25,163,561,222,304,716,922,4095,0,1451,4095,485,43,592,144
Sitting,327.643812417984,1,73,174,179,143,4095,0,0,0,30,0,22,323,0,19,0,142,454,185,336,763,943,4095,0,1405,4095,411,32,621,95
Sitting,329.663516998291,14,138,176,240,194,4095,0,0,0,43,0,16,338,0,49,19,161,315,215,334,752,934,4095,0,1331,4095,451,43,614,191
Sitting,331.6822073459625,0,107,164,208,176,4095,0,0,0,17,0,23,351,0,20,0,139,464,197,390,819,1038,4095,0,1419,4095,469,82,665,172
Sitting,333.69895195961,31,164,208,279,123,4095,0,0,0,0,0,2,317,0,16,0,96,446,214,407,784,981,4095,0,1435,4095,430,16,589,164
Sitting,335.7169988155365,23,169,193,269,147,4095,0,0,0,34,0,21,275,0,15,0,113,482,273,304,687,878,4095,0,1338,4095,418,71,675,235
Sitting,337.73680782318115,37,176,224,283,163,4095,0,0,0,60,0,48,334,0,39,29,96,483,215,331,765,967,4095,0,1455,4095,416,17,572,167
Sitting,339.7476682662964,3,99,147,192,139,4095,0,0,0,17,0,6,381,0,76,0,119,491,272,343,749,945,4095,0,1431,4095,473,19,625,138
Left Pinky,354.78710293769836,0,106,94,197,103,4095,0,0,0,29,0,23,336,0,46,0,94,458,239,339,795,976,4095,0,1451,4095,436,48,593,176
Left Pinky,356.8062472343445,0,89,171,177,144,4095,0,0,0,96,48,0,384,0,75,17,175,475,209,310,715,928,4095,0,1373,4095,435,15,577,138
Left Pinky,358.82490515708923,33,150,187,240,208,4095,0,0,0,3,0,0,314,0,58,0,124,476,257,406,784,976,4095,0,1410,4095,463,83,679,21
Left Pinky,360.84262919425964,14,112,187,207,138,4095,0,0,0,75,0,65,384,0,75,0,78,461,231,385,833,1023,4095,0,1392,4095,257,95,640,143
Left Pinky,362.86094903945923,13,144,173,234,128,4095,0,0,0,81,0,70,368,0,79,0,78,435,229,332,754,954,4095,0,1501,4095,463,16,617,141
Left Pinky,364.8807125091553,17,127,186,255,205,4095,0,10,0,6,0,0,315,0,26,3,144,497,283,325,739,976,4095,0,1486,4095,496,41,605,135
Left Pinky,366.8947992324829,16,144,186,280,185,4095,0,0,0,1,0,0,385,0,76,0,118,482,254,399,766,1056,4095,0,1449,4095,476,43,622,191
Left Pinky,368.911719083786,13,140,176,240,194,4095,0,0,0,3,0,93,331,0,16,27,157,545,215,320,739,910,4095,0,1380,4095,400,6,580,157
Left Pinky,370.9173185825348,0,103,202,199,139,4095,0,0,0,49,0,45,330,0,14,16,175,575,211,329,749,917,4095,0,1323,4095,400,50,638,193
Left Pinky,372.92998814582825,0,118,158,210,163,4095,0,0,0,3,0,0,331,0,13,0,111,469,275,348,743,954,4095,0,1506,4095,272,0,630,133
Left Pinky,374.9406306743622,0,125,166,205,106,4095,0,0,0,16,0,5,381,0,78,0,124,496,274,246,714,918,4095,0,1335,4095,379,48,579,153
Left Pinky,376.9566762447357,7,125,179,194,153,4095,0,0,0,10,0,48,377,0,70,0,76,431,241,354,752,970,4095,0,1392,4095,284,80,659,206
Left Pinky,378.97646737098694,0,135,143,226,124,4095,0,0,0,22,0,14,365,0,61,34,98,483,225,373,713,923,4095,0,1373,4095,434,71,677,202
Left Pinky,380.9832954406738,0,107,202,200,132,4095,0,0,0,53,0,46,343,0,19,0,109,453,219,294,726,884,4095,0,1434,4095,419,13,562,112
Left Pinky,383.00251746177673,0,111,161,96,119,4095,0,0,0,56,0,48,293,0,20,0,115,487,272,386,817,1019,4095,0,1353,4095,387,29,577,152
Left Pinky,385.0144441127777,16,115,192,210,144,4095,0,0,0,78,0,71,355,0,3,5,129,499,291,381,801,996,4095,0,1407,4095,445,42,593,162
Left Pinky,387.0338740348816,9,115,171,214,131,4095,0,0,0,50,0,48,341,0,30,0,82,450,225,209,732,914,4095,0,1323,4095,403,16,592,128
Left Pinky,389.05154943466187,0,105,170,198,197,4095,0,0,0,17,0,22,378,0,71,0,102,436,240,302,720,911,4095,0,1343,4095,421,43,622,179
Left Pinky,391.0677411556244,0,86,144,199,126,4095,0,0,0,18,0,9,326,0,13,0,85,450,231,354,740,925,4095,0,1329,4095,399,8,582,164
Left Pinky,393.0870203971863,3,101,148,192,134,4095,0,0,0,67,0,62,377,0,14,18,103,491,160,381,805,1005,4095,0,1478,4095,506,29,594,122
Left Pinky,395.10605335235596,0,87,146,174,197,4095,0,0,0,54,0,48,385,0,79,6,156,509,297,326,722,911,4095,0,1315,4095,400,48,635,179
Left Pinky,397.1185154914856,0,106,170,196,165,4095,0,0,0,50,0,11,365,0,69,0,101,478,201,379,801,1002,4095,0,1394,4095,448,19,756,134
Left Pinky,399.13840913772583,0,111,147,221,198,4095,0,0,0,41,0,29,304,0,95,19,171,447,236,325,725,909,4095,0,1394,4095,400,32,567,128
Left Pinky,401.15702724456787,7,106,98,267,157,4095,0,0,0,17,0,0,336,0,14,0,112,466,274,385,839,1052,4095,0,1408,4095,450,61,651,174
Left Pinky,403.1776933670044,30,166,210,277,134,4095,0,0,0,59,0,48,359,0,61,13,155,526,198,323,749,944,4095,0,1436,4095,468,18,620,28
Left Pinky,405.1946179866791,5,130,237,236,132,4095,0,0,0,21,0,16,398,0,34,0,115,463,258,363,794,967,4095,0,1390,4095,398,19,615,109
Left Pinky,407.2006378173828,33,148,210,250,180,4095,0,0,0,37,0,18,395,0,82,18,161,560,230,338,735,944,4095,0,1335,4095,421,32,611,169
Left Pinky,409.22176933288574,0,112,203,203,197,4095,0,0,0,9,0,0,307,0,32,27,118,478,219,339,763,945,4095,0,1331,4095,400,51,640,207
Left Pinky,411.24276757240295,1,138,144,229,109,4095,0,0,0,1,0,0,346,0,54,16,173,545,225,397,827,1038,4095,0,1408,4095,398,34,615,149
Left Pinky,413.2604100704193,1,93,166,206,97,4095,0,0,0,21,0,48,334,0,48,5,126,467,267,300,723,883,4095,0,1363,4095,425,23,595,112
Left Pinky,415.28030347824097,37,186,229,216,192,4095,0,0,0,92,0,64,311,0,10,5,160,547,234,351,780,948,4095,0,1454,4095,466,42,605,151
Left Pinky,417.3001561164856,33,192,211,286,144,4095,0,0,0,0,0,23,369,0,73,0,121,482,265,319,688,885,4095,0,1320,4095,397,48,641,182
Left Pinky,419.3131673336029,37,187,222,97,162,4095,0,0,0,21,0,18,282,0,0,0,106,458,272,332,748,975,4095,0,1411,4095,450,19,589,105
Left Pinky,421.33178901672363,39,176,233,215,148,4095,0,0,0,14,14,6,299,0,4,26,110,474,222,366,797,961,4095,0,1403,4095,461,86,686,117
Left Pinky,423.3402099609375,35,176,217,283,197,4095,0,0,0,13,0,3,323,0,11,16,158,539,256,317,724,891,4095,0,1345,4095,378,16,608,155
Left Pinky,425.3478603363037,16,118,255,214,127,4095,0,0,0,24,0,14,413,0,105,0,141,487,305,323,733,918,4095,0,1523,4095,431,92,618,126
Left Pinky,427.3604962825775,19,155,174,197,151,4095,0,0,0,17,0,5,385,0,87,0,131,481,273,393,749,977,4095,0,1469,4095,499,35,614,155
Left Pinky,429.37779927253723,16,161,182,251,174,4095,0,0,0,35,0,22,386,0,75,19,171,327,225,298,729,930,4095,0,1391,4095,437,31,587,150
Left Pinky,431.39509177207947,29,165,207,271,118,4095,0,0,0,55,0,0,325,0,46,29,96,475,197,320,719,942,4095,0,1427,4095,506,91,647,304
Left Pinky,433.4017572402954,18,133,183,253,213,4095,0,0,0,48,0,11,317,0,13,15,131,511,306,335,730,979,4095,0,1454,4095,491,65,617,243
Left Pinky,435.4086265563965,34,160,214,287,122,4095,0,0,0,36,0,29,342,0,37,16,164,528,238,321,737,921,4095,0,1453,4095,486,19,601,129
Left Pinky,437.4267535209656,1,93,142,189,146,4095,0,0,0,33,0,27,313,0,6,0,91,466,213,337,723,885,4095,0,1411,4095,432,37,597,141
Left Pinky,439.4459993839264,0,112,159,205,129,4095,0,0,0,121,0,64,311,0,35,3,130,505,298,400,773,960,4095,0,1344,4095,429,16,571,144
Left Pinky,441.46276354789734,0,98,156,206,112,4095,0,0,0,51,17,43,335,0,27,0,110,475,255,359,770,957,4095,0,1451,4095,438,65,657,194
Left Pinky,443.48119854927063,28,154,204,256,195,4095,0,0,0,60,0,0,181,0,9,0,154,458,202,317,733,892,4095,0,1520,4095,438,3,583,159
Left Pinky,445.49244809150696,18,122,178,220,142,4095,0,0,0,89,0,80,339,0,54,7,131,501,282,377,823,993,4095,0,1365,4095,399,21,593,128
Left Pinky,447.50882863998413,0,102,155,189,112,4095,0,0,0,45,0,41,240,0,23,0,85,451,239,319,735,896,4095,0,1483,4095,511,1,593,167
Left Pinky,449.5273678302765,23,111,193,225,161,4095,0,0,0,50,0,48,379,0,76,0,95,456,267,325,746,903,4095,0,1504,4095,510,86,629,134
Left Pinky,451.547043800354,19,175,161,206,125,4095,0,0,0,6,0,0,322,0,64,16,155,545,240,387,845,1013,4095,0,1394,4095,414,81,631,151
Left Pinky,453.56554102897644,3,138,0,232,189,4095,0,0,0,7,0,5,318,0,45,0,115,479,282,335,752,912,4095,0,1454,4095,487,65,579,117
Left Pinky,498.1961975097656,16,149,180,307,133,4095,0,0,0,32,0,45,313,0,59,16,172,546,229,379,831,998,4095,0,1423,4095,445,45,626,186
Left Pinky,500.2152488231659,39,175,222,273,175,4095,0,0,0,80,0,75,354,0,65,0,73,464,223,351,737,976,4095,0,1331,4095,382,91,618,127
Left Pinky,502.23149490356445,0,118,163,213,188,4095,0,0,0,64,0,53,368,0,71,0,97,471,238,400,763,959,4095,0,1414,4095,471,13,592,99
Left Pinky,504.24634313583374,6,129,159,221,115,4095,0,0,0,159,0,71,379,0,76,0,85,448,265,311,705,976,4095,0,1317,4095,438,16,624,149
Left Pinky,506.2621874809265,1,113,144,207,128,4095,0,0,0,0,0,3,306,0,4,0,138,464,222,377,803,981,4095,0,1359,4095,450,19,592,134
Left Pinky,508.2835795879364,11,176,207,189,189,4095,0,0,0,27,0,47,306,0,33,23,155,470,219,321,685,959,4095,0,1409,4095,463,30,674,128
Left Pinky,510.3037829399109,15,171,192,176,128,4095,0,0,0,82,19,0,322,0,49,0,71,489,251,336,544,960,4095,0,1382,4095,425,95,656,171
Left Pinky,512.3237924575806,1,179,187,178,148,4095,0,0,0,86,0,10,361,0,1,0,80,479,327,341,833,909,4095,0,1329,4095,464,7,605,144
Left Pinky,514.3413712978363,42,209,140,227,102,4095,0,0,0,43,0,9,370,0,0,0,174,509,263,336,720,936,4095,0,1458,4095,444,18,643,207
Left Pinky,516.377382516861,13,185,204,193,112,4095,0,32,0,42,0,3,288,0,67,22,155,465,213,298,763,1021,4095,0,1410,4095,409,5,610,122
Left Pinky,518.3869659900665,34,110,157,302,197,4095,0,0,0,16,0,41,267,0,80,0,112,557,297,368,720,880,4095,0,1466,4095,431,10,631,190
Left Pinky,520.4056885242462,32,114,168,221,208,4095,0,0,0,40,0,55,354,0,0,0,101,535,283,321,685,950,4095,0,1488,4095,381,57,561,112
Left Pinky,522.4200015068054,0,121,208,217,122,4095,0,0,0,64,0,32,347,0,2,14,111,443,253,341,816,912,4095,0,1331,4095,494,8,621,113
Left Pinky,524.4402046203613,0,103,165,262,151,4095,0,0,0,67,0,0,315,0,66,16,141,427,229,337,848,924,4095,0,1303,4095,495,73,621,112
Left Pinky,526.4589598178864,5,186,192,175,128,4095,0,0,0,28,6,78,279,0,81,0,176,511,270,281,730,1048,4095,0,1203,4095,436,80,592,114
Left Pinky,528.4797778129578,32,152,144,218,199,4095,0,0,0,80,0,0,357,0,0,13,98,450,254,384,753,832,4095,0,1333,4095,421,95,657,160
Left Pinky,530.5012631416321,24,110,165,218,167,4095,0,0,0,71,0,22,273,0,86,0,105,487,327,320,694,944,4095,0,1360,4095,432,16,636,198
Left Pinky,532.521247625351,15,176,186,176,134,4095,0,0,0,128,0,29,315,0,48,0,94,453,247,371,723,853,4095,0,1434,4095,384,89,638,168
Left Pinky,534.5387258529663,48,162,167,192,196,4095,0,0,0,65,0,0,273,0,80,0,113,494,311,309,723,965,4095,0,1278,4095,432,16,671,166
Left Pinky,536.5620515346527,0,195,208,240,128,4095,0,0,0,77,0,16,322,0,59,0,96,547,325,321,720,973,4095,0,1274,4095,528,63,563,146
Left Pinky,538.5819118022919,33,121,151,214,164,4095,0,0,0,0,0,78,272,0,74,19,112,433,230,371,742,825,4095,0,1377,4095,402,99,549,109
Left Pinky,540.5951633453369,27,106,160,254,131,4095,0,0,0,11,0,70,338,0,1,8,96,442,252,327,642,923,4095,0,1293,4095,464,80,627,121
Left Pinky,542.6006586551666,0,144,208,227,130,4095,0,0,0,65,0,0,307,0,8,0,198,490,247,416,782,880,4095,0,1442,4095,377,51,560,102
Left Pinky,544.6047174930573,0,119,223,240,158,4095,0,0,0,59,0,2,321,0,51,23,143,478,226,375,745,821,4095,0,1329,4095,448,81,625,141
Left Pinky,546.6136891841888,19,116,175,221,120,4095,0,0,0,16,0,53,373,0,41,0,103,547,304,355,835,928,4095,0,1521,4095,393,49,559,969
Left Pinky,548.6206157207489,43,163,144,202,161,4095,0,0,0,9,0,68,292,0,0,0,114,307,318,338,694,965,4095,0,1499,4095,400,83,640,183
Left Pinky,550.6283514499664,17,93,186,291,99,4095,0,0,0,80,0,10,278,0,30,31,151,485,238,377,745,863,4095,0,1297,4095,464,87,646,129
Left Pinky,552.6371357440948,46,146,143,195,133,4095,0,0,0,23,0,48,310,0,54,0,187,491,272,406,777,882,4095,0,1370,4095,417,30,638,112
Left Pinky,554.64208984375,9,163,176,176,179,4095,0,0,0,3,0,73,304,0,60,0,111,539,320,342,828,900,4095,0,1428,4095,377,47,560,103
Left Pinky,556.6523778438568,0,191,185,210,174,4095,0,0,0,0,0,93,271,0,77,0,98,540,310,336,825,892,4095,0,1426,4095,379,71,624,83
Left Pinky,558.6612420082092,46,155,144,195,133,4095,0,0,0,15,0,64,271,0,81,31,162,463,242,370,709,896,4095,0,1285,4095,525,64,592,87
Left Pinky,560.6726577281952,0,119,217,250,200,4095,0,0,0,13,0,0,305,0,48,0,97,563,319,332,854,917,4095,0,1456,4095,381,10,624,177
Left Pinky,562.6881911754608,47,157,153,190,131,4095,0,0,0,38,0,59,322,0,31,0,197,465,250,371,705,878,4095,0,1281,4095,433,65,591,787
Left Pinky,564.698052406311,0,144,208,223,191,4095,0,0,0,0,0,78,302,0,57,0,174,496,283,381,741,837,4095,0,1282,4095,267,0,624,178
Left Pinky,566.7100186347961,39,214,144,211,112,4095,0,0,0,74,0,0,272,0,80,14,102,454,271,299,754,999,4095,0,1508,4095,418,5,639,176
Left Pinky,568.7420601844788,0,121,219,243,201,4095,0,0,0,0,0,65,368,0,0,0,171,496,273,380,724,861,4095,0,1285,4095,527,67,590,86
Left Pinky,570.7608001232147,11,90,169,281,132,4095,0,0,0,31,0,12,279,0,74,0,99,550,317,240,790,880,4095,0,1347,4095,448,16,631,196
Left Pinky,572.7777502536774,14,98,171,282,128,4095,0,0,0,52,0,32,303,0,33,0,117,535,306,399,768,848,4095,0,1307,4095,464,3,624,217
Left Pinky,574.7850162982941,0,144,222,240,173,4095,0,0,0,13,0,36,300,0,2,17,198,416,240,307,745,1047,4095,0,1516,4095,433,5,650,202
Left Pinky,576.8019514083862,26,93,174,266,139,4095,0,0,0,0,0,74,318,0,88,26,145,466,239,364,678,976,4095,0,1455,4095,432,67,606,95
Left Pinky,578.8181397914886,0,118,230,243,192,4095,0,0,0,6,0,65,288,0,64,22,121,414,256,290,746,1031,4095,0,1473,4095,382,67,633,847
Left Pinky,580.830085515976,0,182,197,222,140,4095,0,0,0,84,0,9,331,0,64,0,91,485,322,410,791,854,4095,0,1280,4095,543,61,560,112
Left Pinky,582.8466145992279,0,211,204,215,140,4095,0,0,0,80,0,0,359,0,5,0,107,547,305,386,744,823,4095,0,1381,4095,468,25,688,154
Left Pinky,584.855339050293,31,143,150,221,128,4095,0,0,0,0,0,68,342,0,5,19,134,418,245,301,782,987,4095,0,1407,4095,419,80,637,134
Left Pinky,586.8778254985809,0,118,211,233,148,4095,0,0,0,86,0,0,293,0,61,0,100,535,294,369,714,893,4095,0,1443,4095,452,0,622,189
Left Pinky,588.8920333385468,0,112,237,249,158,4095,0,0,0,83,0,2,349,0,1,0,99,529,283,350,715,921,4095,0,1231,4095,412,65,576,968
Left Pinky,590.908976316452,7,157,155,194,113,4095,0,0,0,19,0,80,334,0,7,14,125,433,259,343,841,930,4095,0,1294,4095,525,39,541,121
Left Pinky,592.9269790649414,0,121,208,235,127,4095,0,0,0,46,0,11,298,0,56,16,203,413,243,325,782,933,4095,0,1299,4095,450,22,667,139
Left Pinky,594.9454021453857,16,162,146,180,115,4095,0,0,0,1,0,71,274,0,75,0,71,485,363,398,767,842,4095,0,1434,4095,457,16,669,152
Left Pinky,596.9649178981781,0,138,227,253,142,4095,0,0,0,57,0,6,310,0,20,20,144,464,214,326,766,987,4095,0,1370,4095,455,55,576,87
Left Pinky,598.9847679138184,12,182,158,189,122,4095,0,0,0,0,0,70,262,0,78,0,94,494,339,357,694,915,4095,0,1458,4095,415,19,706,166
Left Pinky,601.0028033256531,16,176,192,175,112,4095,0,0,0,2,0,75,389,0,16,0,90,509,310,368,725,899,4095,0,1553,4095,414,22,597,193
Left Pinky,603.0206656455994,35,131,146,205,157,4095,0,0,0,44,0,48,333,0,36,0,157,485,223,314,785,993,4095,0,1302,4095,531,25,592,197
Left Pinky,605.0418591499329,9,173,158,189,132,4095,0,0,0,40,0,78,350,0,30,32,150,469,211,336,783,958,4095,0,1339,4095,502,93,631,162
Left Pinky,607.0607314109802,1,110,234,256,125,4095,0,0,0,22,0,80,323,0,16,0,113,550,293,323,682,970,4095,0,1369,4095,444,77,574,150
Left Pinky,609.0719745159149,5,123,239,250,122,4095,0,0,0,16,0,80,326,0,25,0,152,528,279,282,745,1036,4095,0,1326,4095,461,17,656,198
Left Pinky,611.0905232429504,1,183,190,191,112,4095,0,0,0,32,0,48,393,0,16,30,146,477,208,343,842,926,4095,0,1408,4095,476,86,612,145
Left Pinky,613.1099240779877,19,123,164,304,165,4095,0,0,0,0,0,32,338,0,9,0,109,555,285,318,727,980,4095,0,1357,4095,451,41,573,157
Left Pinky,615.1295042037964,5,173,153,189,150,4095,0,0,0,0,0,14,341,0,57,17,128,432,240,402,757,854,4095,0,1530,4095,400,83,626,160
Left Pinky,617.1585040092468,29,110,166,290,166,4095,0,0,0,39,0,6,290,0,0,0,106,559,304,325,682,979,4095,0,1359,4095,450,16,629,222
Left Pinky,619.1807088851929,48,151,144,207,208,4095,0,0,0,75,0,0,352,0,64,5,71,477,187,353,690,915,4095,0,1406,4095,419,106,624,158
Left Pinky,621.2005772590637,35,139,134,211,177,4095,0,0,0,79,0,27,278,0,71,0,107,528,298,288,759,1037,4095,0,1296,4095,506,95,657,166
Left Pinky,623.2210593223572,0,119,199,208,123,4095,0,0,0,17,0,29,315,0,53,7,90,432,240,370,720,875,4095,0,1414,4095,400,49,560,139
Left Pinky,625.238205909729,27,111,176,193,154,4095,0,0,0,16,0,81,287,0,81,1,155,479,246,345,823,918,4095,0,1485,4095,437,101,654,175
Left Pinky,627.2495787143707,38,143,144,222,165,4095,0,0,14,47,0,33,368,0,0,1,159,485,323,336,827,931,4095,0,1488,4095,434,12,627,208
Left Pinky,629.2695519924164,27,84,163,286,143,4095,0,0,0,1,0,73,374,0,3,25,124,435,213,400,753,854,4095,0,1459,4095,371,13,623,215
Left Pinky,631.2899758815765,0,113,226,252,97,4095,0,0,0,11,0,46,336,0,15,16,101,447,250,378,727,839,4095,0,1398,4095,417,48,661,177
Left Pinky,633.3099148273468,0,114,198,240,142,4095,0,0,0,87,0,16,321,0,21,0,81,494,257,318,704,960,4095,0,1283,4095,439,96,642,151
Left Pinky,635.3311398029327,32,123,147,221,157,4095,0,0,0,4,0,79,256,0,64,6,142,430,228,388,761,805,4095,0,1427,4095,401,46,565,75
Left Pinky,637.3502123355865,35,131,145,217,173,4095,0,0,0,0,1,91,328,0,0,15,131,421,254,373,710,853,4095,0,1351,4095,417,80,640,93
Left Pinky,639.3613884449005,0,112,232,249,113,4095,0,0,0,112,0,38,325,0,0,0,118,585,304,306,767,954,4095,0,1442,4095,417,64,581,64
Left Pinky,641.3733968734741,29,113,157,212,129,4095,0,0,0,9,0,50,271,0,62,0,92,480,331,281,753,989,4095,0,1399,4095,444,5,646,144
Left Pinky,643.3825118541718,3,112,240,266,115,4095,0,0,0,80,0,5,272,0,12,0,178,506,254,341,814,859,4095,0,1453,4095,366,1,624,149
Left Pinky,645.400869846344,37,134,139,225,146,4095,0,0,0,16,0,49,303,0,49,0,100,539,309,340,852,893,4095,0,1503,4095,381,80,629,868
Left Pinky,647.4071080684662,19,102,165,262,115,4095,0,0,0,67,0,0,252,0,74,48,139,433,230,352,688,880,4095,0,1259,4095,501,77,641,828
Left Pinky,649.4250047206879,22,144,156,231,95,4095,0,0,0,80,0,2,368,0,15,25,151,448,218,368,720,850,4095,0,1277,4095,506,0,599,138
Left Pinky,651.4328203201294,4,107,167,263,144,4095,0,0,0,48,0,7,294,0,26,1,91,463,271,282,752,988,4095,0,1553,4095,422,0,622,154
Left Pinky,653.436892747879,43,149,126,208,123,4095,0,0,0,84,0,38,336,0,0,18,151,425,240,339,675,915,4095,0,1406,4095,443,80,651,102
Left Pinky,655.445353269577,45,154,128,210,144,4095,0,0,0,13,0,19,292,0,18,27,151,448,217,356,690,884,4095,0,1325,4095,473,16,673,118
Left Pinky,657.4571437835693,5,163,176,179,170,4095,0,0,0,16,0,32,289,0,30,46,159,471,270,364,707,900,4095,0,1327,4095,506,6,631,133
Left Pinky,659.4745795726776,15,173,182,181,154,4095,0,0,0,29,0,35,360,0,47,32,144,445,235,341,690,976,4095,0,1392,4095,508,19,653,220
Left Pinky,661.4909698963165,35,114,151,192,110,4095,0,0,0,80,0,22,336,0,48,1,74,475,291,326,781,1011,4095,0,1456,4095,432,64,700,272
Left Pinky,663.5130145549774,13,177,197,176,146,4095,0,0,0,38,0,42,367,0,23,30,138,432,161,330,672,970,4095,0,1425,4095,471,91,566,238
Left Pinky,665.532308101654,0,118,211,212,203,4095,0,0,0,14,0,54,321,0,64,35,147,448,199,343,678,974,4095,0,1441,4095,469,0,656,229
Left Pinky,667.550567150116,0,157,146,198,128,4095,0,0,0,0,0,0,307,0,62,0,69,489,159,356,855,970,4095,0,1408,4095,432,112,655,217
Left Pinky,669.5696845054626,6,110,235,261,131,4095,0,0,0,0,0,67,366,0,0,0,146,480,207,368,688,966,4095,0,1521,4095,487,45,570,210
Left Pinky,671.5894753932953,7,131,154,294,129,4095,0,0,0,21,0,3,279,0,77,1,166,496,240,361,720,927,4095,0,1439,4095,470,97,644,207
Left Pinky,673.6069931983948,7,128,236,267,194,4095,0,0,0,11,0,55,294,0,91,18,118,413,229,293,764,1008,4095,0,1457,4095,421,107,645,198
Left Pinky,675.6255285739899,35,114,154,218,116,4095,0,0,0,17,0,80,307,0,48,34,144,448,183,311,720,968,4095,0,1511,4095,403,51,576,201
Left Pinky,677.6320247650146,22,110,175,291,124,4095,0,0,0,0,0,76,274,0,72,27,130,432,194,287,753,1011,4095,0,1444,4095,413,64,549,186
Left Pinky,679.6505780220032,0,112,229,250,183,4095,0,0,0,22,0,37,299,0,65,0,78,477,304,342,805,880,4095,0,1296,4095,511,32,582,178
Left Pinky,681.6697292327881,47,161,143,195,93,4095,0,0,0,81,0,14,385,0,21,42,145,368,221,310,720,977,4095,0,1476,4095,388,25,674,213
Left Pinky,683.6873877048492,0,189,191,200,195,4095,0,0,0,71,0,0,272,0,105,0,93,523,253,362,693,925,4095,0,1495,4095,445,35,576,248
Left Pinky,685.7085881233215,10,111,246,244,176,4095,0,0,0,87,0,16,303,0,10,0,82,562,298,390,743,816,4095,0,1395,4095,460,78,581,151
Left Pinky,687.7272927761078,22,100,187,278,123,4095,0,0,0,32,0,65,342,0,0,1,69,483,234,359,794,880,4095,0,1282,4095,522,78,621,113
Left Pinky,689.745245218277,26,103,157,289,128,4095,0,0,0,15,34,69,289,0,17,0,76,487,284,416,848,890,4095,0,1360,4095,489,12,667,145
Left Pinky,691.7637324333191,0,118,210,240,167,4095,0,0,0,71,0,0,133,0,22,1,156,483,202,336,701,1003,4095,0,1467,4095,410,97,637,194
Left Pinky,693.773131608963,30,128,147,224,149,4095,0,0,0,32,3,71,305,0,16,0,78,475,304,416,779,881,4095,0,1344,4095,546,12,613,188
Left Pinky,695.7913565635681,3,133,226,253,174,4095,0,0,0,81,0,80,411,0,34,0,96,528,283,368,707,896,4095,0,1461,4095,405,96,638,207
Left Pinky,697.8116035461426,42,156,139,204,142,4095,0,0,0,0,0,66,340,0,16,2,75,470,274,401,798,849,4095,0,1340,4095,537,54,554,91
Right Arm,720.266811132431,5,109,240,251,145,4095,0,0,0,64,0,3,302,0,26,20,143,432,217,320,773,939,4095,0,1296,4095,527,50,557,89
Right Arm,722.2821402549744,19,80,186,265,171,4095,0,0,0,62,0,0,263,0,80,14,133,425,234,336,842,893,4095,0,1295,4095,495,80,659,114
Right Arm,724.3041367530823,0,194,189,195,107,4095,0,0,0,0,0,71,265,0,80,0,98,565,304,348,677,909,4095,0,1447,4095,388,73,594,93
Right Arm,726.3257896900177,0,126,206,241,169,4095,0,0,0,0,0,80,363,0,11,0,110,558,313,335,677,916,4095,0,1405,4095,415,5,643,155
Right Arm,728.3421800136566,5,178,158,193,121,4095,0,0,0,16,1,48,363,0,13,0,155,469,263,312,787,934,4095,0,1275,4095,496,26,698,144
Right Arm,730.350259065628,11,112,240,269,140,4095,0,0,0,64,0,7,298,0,0,0,96,481,332,357,694,912,4095,0,1408,4095,395,69,583,64
Right Arm,732.371259689331,28,109,167,291,178,4095,0,0,0,64,0,30,278,0,55,0,81,486,335,350,701,895,4095,0,1433,4095,395,9,687,133
Right Arm,734.3876070976257,25,130,155,214,187,4095,0,0,0,74,0,0,278,0,49,16,112,438,272,401,778,818,4095,0,1441,4095,511,80,693,141
Right Arm,736.4063620567322,0,121,214,234,109,4095,0,0,0,0,0,67,240,0,69,0,108,531,303,325,687,915,4095,0,1377,4095,416,0,577,80
Right Arm,738.4164361953735,46,169,133,229,130,4095,0,0,0,12,0,19,359,0,35,27,159,448,240,321,780,911,4095,0,1318,4095,479,105,677,121
Right Arm,740.4367830753326,7,138,235,272,30,4095,0,0,0,23,0,12,303,0,25,0,100,569,313,272,662,910,4095,0,1381,4095,400,51,576,54
Right Arm,742.456552028656,42,167,141,237,205,4095,0,0,0,80,0,0,299,0,0,11,111,437,272,396,767,798,4095,0,1467,4095,404,18,671,113
Right Arm,744.4767653942108,41,175,142,231,202,4095,0,0,0,79,0,0,245,0,76,5,107,449,273,394,754,787,4095,0,1535,4095,383,0,603,0
Right Arm,746.4870684146881,18,125,153,293,178,4095,0,0,0,57,0,9,251,0,88,0,81,493,221,369,709,848,4095,0,1442,4095,384,1,640,135
Right Arm,748.5085015296936,17,90,170,275,175,4095,0,0,0,64,0,33,272,0,53,0,108,555,313,323,685,903,4095,0,1363,4095,418,20,624,128
Right Arm,750.5247662067413,0,193,189,208,117,4095,0,0,0,7,0,32,295,0,33,18,146,429,235,339,846,836,4095,0,1424,4095,406,80,640,112
Right Arm,752.5324492454529,0,124,237,246,128,4095,0,0,0,0,0,97,285,0,17,36,159,460,259,336,832,865,4095,0,1433,4095,428,0,609,173
Right Arm,754.5508418083191,0,125,205,208,112,4095,0,0,0,17,0,51,322,0,0,18,147,431,297,336,784,852,4095,0,1456,4095,401,0,602,76
Right Arm,756.5601494312286,45,138,227,247,114,4095,0,0,0,2,0,74,311,0,17,0,171,462,258,322,851,888,4095,0,1376,4095,448,0,613,165
Right Arm,758.5790681838989,1,112,239,256,124,4095,0,0,0,0,0,70,324,0,0,0,165,474,252,332,876,889,4095,0,1414,4095,432,14,566,87
Right Arm,760.5951030254364,9,194,208,201,144,4095,0,0,0,81,0,39,329,0,0,4,91,464,320,347,702,885,4095,0,1386,4095,417,7,585,787
Right Arm,762.6030786037445,5,111,241,253,109,4095,0,0,0,6,0,58,254,0,54,17,144,404,245,394,759,800,4095,0,1467,4095,356,74,628,83
Right Arm,764.6216943264008,26,94,162,275,137,4095,21,0,0,0,0,64,298,0,2,28,161,448,243,337,794,903,4095,0,1456,4095,411,21,688,118
Right Arm,766.6271543502808,38,128,145,219,176,4095,0,0,0,19,0,7,319,0,0,0,176,475,267,321,848,885,4095,0,1431,4095,425,5,625,144
Right Arm,768.6465573310852,41,114,144,215,171,4095,0,0,0,20,0,80,341,0,2,0,107,471,256,341,798,849,4095,0,1472,4095,405,0,609,166
Right Arm,770.6640150547028,16,112,229,267,97,4095,0,0,0,4,0,43,334,0,0,5,104,448,276,355,697,847,4095,0,1335,4095,411,0,621,130
Right Arm,772.6829562187195,0,165,147,206,176,4095,0,0,0,48,0,16,267,0,3,0,245,482,272,336,818,849,4095,0,1441,4095,404,61,608,52
Right Arm,774.7027859687805,0,122,208,218,144,4095,0,0,0,79,0,0,340,0,2,0,119,599,323,279,751,950,4095,0,1342,4095,451,13,628,138
Right Arm,776.7229654788971,0,139,225,241,112,4095,0,0,0,82,0,38,256,0,54,0,102,479,335,292,734,979,4095,0,1354,4095,464,13,582,78
Right Arm,778.7349977493286,10,188,171,176,206,4095,0,0,0,48,0,7,251,0,60,0,169,465,269,407,784,866,4095,0,1460,4095,368,0,595,103
Right Arm,780.7479765415192,36,121,181,199,153,4095,0,0,0,9,0,59,353,0,5,0,76,478,304,336,701,928,4095,0,1284,4095,481,11,671,128
Right Arm,782.7645318508148,46,177,135,225,175,4095,0,0,0,10,0,80,271,0,5,12,137,432,282,361,688,881,4095,0,1299,4095,431,5,581,96
Right Arm,784.7781221866608,6,159,148,208,176,4095,0,0,0,13,0,80,307,0,0,10,111,437,279,331,687,896,4095,0,1267,4095,496,34,553,71
Right Arm,786.7972259521484,37,132,170,211,147,4095,0,0,0,5,0,59,305,0,0,0,90,496,357,287,734,967,4095,0,1377,4095,459,17,561,94
Right Arm,788.8156845569611,16,112,231,263,116,4095,0,0,0,77,0,0,261,0,0,0,177,489,293,342,793,846,4095,0,1428,4095,377,6,621,148
Right Arm,790.831948518753,20,164,141,230,167,4095,0,0,0,5,0,60,281,0,45,0,99,479,354,302,851,963,4095,0,1454,4095,434,73,597,80
Right Arm,792.8519959449768,7,181,179,176,191,4095,0,0,0,20,0,80,256,0,75,0,110,464,283,319,685,912,4095,0,1344,4095,462,21,693,141
Right Arm,794.871134519577,0,195,176,193,208,4095,0,0,0,50,0,35,333,0,16,2,114,457,275,327,656,911,4095,0,1333,4095,463,0,616,173
Right Arm,796.8903949260712,0,176,161,186,176,4095,0,0,0,6,0,70,320,0,0,0,105,502,345,306,751,912,4095,0,1462,4095,400,0,625,174
Right Arm,798.910237789154,7,112,167,269,124,4095,0,0,0,99,0,0,267,0,1,20,162,464,239,368,710,839,4095,0,1299,4095,501,1,653,133
Right Arm,800.9296183586121,43,165,135,208,150,4095,0,0,0,37,0,60,287,0,16,0,134,511,304,339,784,828,4095,0,1392,4095,394,16,581,881
Right Arm,802.942390203476,16,178,194,176,172,4095,0,0,0,0,0,59,255,0,79,0,117,535,324,330,815,890,4095,0,1441,4095,369,61,575,74
Right Arm,804.9521250724792,2,194,173,179,172,4095,0,0,0,5,0,64,245,0,68,0,114,545,327,323,831,885,4095,0,1438,4095,365,63,597,37
Right Arm,806.9615530967712,12,165,175,190,165,4095,0,0,0,16,0,55,253,0,67,0,112,507,311,424,762,834,4095,0,1360,4095,416,58,594,551
Right Arm,808.9676430225372,27,125,160,241,94,4095,0,0,0,91,0,3,251,0,64,17,151,482,267,336,663,901,4095,0,1344,4095,467,44,549,76
Right Arm,810.9752843379974,0,120,205,208,189,4095,0,0,0,1,0,69,351,0,60,0,108,534,320,356,789,854,4095,0,1360,4095,413,10,614,156
Right Arm,812.9821562767029,7,115,240,268,125,4095,0,0,0,53,0,7,256,0,75,4,126,447,295,304,711,995,4095,0,1441,4095,420,42,546,80
Right Arm,814.9926209449768,0,198,206,208,203,4095,0,0,0,6,0,77,320,0,3,0,121,536,334,352,800,845,4095,0,1393,4095,389,12,674,107
Right Arm,817.0040776729584,18,106,166,266,143,4095,1,0,0,48,0,5,284,0,23,0,96,478,340,321,758,889,4095,0,1460,4095,367,39,565,110
Right Arm,819.0230610370636,6,112,258,246,148,4095,0,0,0,35,0,18,299,0,0,0,111,604,333,335,794,851,4095,0,1374,4095,416,47,579,54
Right Arm,821.0379478931427,15,190,213,195,166,4095,0,0,0,19,0,51,288,0,23,22,161,444,213,339,684,883,4095,0,1358,4095,442,38,549,80
Right Arm,823.0500962734222,20,86,169,287,145,4095,0,0,0,39,0,3,260,0,69,0,106,565,353,339,827,848,4095,0,1381,4095,407,23,688,123
Right Arm,825.0698940753937,16,184,187,188,135,4095,0,0,0,21,0,31,272,0,18,11,80,426,283,310,720,990,4095,0,1472,4095,401,32,559,750
Right Arm,827.0854969024658,9,194,197,207,161,4095,0,0,0,31,0,48,352,0,16,17,147,430,258,336,683,922,4095,0,1442,4095,448,66,618,790
Right Arm,829.1052947044373,40,175,154,160,112,4095,0,0,0,74,0,0,297,0,47,0,91,497,367,342,819,874,4095,0,1378,4095,418,52,620,78
Right Arm,831.125387430191,0,139,229,259,193,4095,0,0,0,2,0,63,311,0,0,21,151,442,246,319,681,894,4095,0,1450,4095,412,16,589,79
Right Arm,833.1461431980133,16,122,154,213,130,4095,0,0,0,17,0,81,258,0,54,0,168,480,292,343,684,870,4095,0,1413,4095,426,67,613,770
Right Arm,835.1633231639862,10,98,162,287,134,4095,0,0,0,0,0,67,237,0,114,20,150,441,250,304,703,1014,4095,0,1519,4095,384,69,621,80
Right Arm,837.1842677593231,0,118,219,251,183,4095,0,0,0,16,0,43,265,0,59,3,109,446,295,310,756,918,4095,0,1405,4095,381,53,590,60
Right Arm,839.2041885852814,42,171,150,201,102,4095,0,0,0,49,0,7,269,0,51,0,109,498,299,366,691,843,4095,0,1414,4095,431,14,569,89
Right Arm,841.2244944572449,0,186,192,196,169,4095,0,0,0,67,0,0,262,0,2,0,128,551,336,384,743,781,4095,0,1340,4095,458,80,619,90
Right Arm,843.2445023059845,5,177,183,219,129,4095,0,0,0,55,0,0,334,0,9,0,187,498,310,354,674,852,4095,0,1438,4095,400,80,641,117
Right Arm,845.2663617134094,27,142,148,229,142,4095,0,0,0,0,0,77,260,0,20,7,132,437,273,301,751,917,4095,0,1377,4095,387,53,597,51
Right Arm,847.2851431369781,0,128,213,220,171,4095,0,0,0,80,0,13,278,0,54,0,120,538,337,368,712,786,4095,0,1398,4095,425,0,623,147
Right Arm,849.3050351142883,6,106,171,274,193,4095,0,0,0,11,0,66,304,0,0,0,97,497,361,407,768,798,4095,0,1290,4095,454,65,611,75
Right Arm,851.3244047164917,22,122,151,220,138,4095,0,0,0,9,1,46,363,0,19,1,103,458,301,331,807,860,4095,0,1292,4095,486,95,638,109
Right Arm,853.3441948890686,37,165,137,208,128,4095,0,0,0,21,0,7,304,0,31,16,130,418,288,304,755,878,4095,0,1366,4095,405,17,687,128
Right Arm,855.3618421554565,48,173,145,195,122,4095,0,0,0,42,0,13,257,0,58,11,126,426,288,311,751,909,4095,0,1337,4095,415,0,633,146
Right Arm,857.3738043308258,23,144,160,224,126,4095,0,0,0,35,0,52,256,0,54,0,103,471,354,385,727,770,4095,0,1385,4095,462,7,624,138
Right Arm,859.3843784332275,0,198,190,223,138,4095,0,0,0,64,0,0,339,0,0,0,160,441,247,284,741,941,4095,0,1363,4095,385,53,596,112
Right Arm,861.3998613357544,16,100,176,303,183,4095,0,0,0,26,0,0,250,0,68,0,128,532,326,354,715,834,4095,0,1443,4095,398,0,618,169
Right Arm,863.419056892395,32,129,160,210,130,4095,0,0,0,9,0,96,317,0,0,0,94,498,368,389,743,789,4095,0,1394,4095,432,37,542,72
Right Arm,865.4414129257202,17,169,179,181,112,4095,0,0,0,23,0,13,349,0,7,11,171,425,289,323,752,893,4095,0,1306,4095,415,54,602,496
Right Arm,867.4597132205963,0,123,220,262,176,4095,0,0,0,69,0,0,251,0,50,0,179,481,288,315,690,905,4095,0,1427,4095,364,18,687,128
Right Arm,869.4776346683502,1,111,151,270,176,4095,0,0,0,91,0,23,270,0,0,0,0,507,307,341,656,896,4095,0,1469,4095,363,0,605,71
Right Arm,871.487067937851,26,144,160,221,208,4095,0,0,0,46,0,58,287,0,0,0,111,564,343,371,644,822,4095,0,1434,4095,396,16,576,79
Right Arm,873.497606754303,32,150,140,211,156,4095,0,0,0,25,15,60,325,0,0,0,97,429,343,425,725,794,4095,0,1438,4095,431,45,557,69
Right Arm,875.5173766613007,39,151,129,210,119,4095,0,0,0,0,0,62,336,0,0,0,79,471,320,407,765,815,4095,0,1356,4095,444,48,581,61
Right Arm,877.5348701477051,28,149,158,218,130,4095,0,0,0,21,26,47,272,0,45,0,112,530,322,336,675,881,4095,0,1470,4095,362,53,599,69
Right Arm,879.5458126068115,0,125,199,209,128,4095,0,0,0,54,0,35,315,0,0,5,128,432,291,352,811,848,4095,0,1312,4095,464,0,591,89
Right Arm,881.5624334812164,16,112,260,262,176,4095,0,0,0,64,0,3,243,0,51,16,187,453,256,304,770,897,4095,0,1308,4095,439,63,598,719
Right Arm,883.5811948776245,4,115,245,244,154,4095,0,0,0,50,0,5,244,0,71,15,122,424,290,340,800,844,4095,0,1359,4095,461,80,624,101
Right Arm,885.5973970890045,0,224,186,220,98,4095,0,0,0,27,0,102,240,0,82,0,96,477,359,367,721,811,4095,0,1453,4095,415,55,510,53
Right Arm,887.6027173995972,50,147,169,195,132,4095,0,0,0,29,0,48,302,0,33,0,105,499,317,318,691,914,4095,0,1377,4095,416,14,570,989
Right Arm,889.6138861179352,11,111,166,272,183,4095,0,0,0,62,0,0,309,0,0,13,127,418,301,347,816,850,4095,0,1346,4095,454,7,689,132
Right Arm,891.6295394897461,5,190,192,193,108,4095,0,0,0,0,0,66,225,0,69,0,101,560,355,336,693,876,4095,0,1467,4095,370,63,576,64
Right Arm,893.6470603942871,21,137,150,224,189,4095,0,0,0,82,0,13,269,0,30,22,155,445,250,309,764,907,4095,0,1296,4095,509,0,619,152
Right Arm,895.6673514842987,0,127,216,241,128,4095,0,0,0,54,0,32,275,0,0,0,93,478,307,400,749,811,4095,0,1421,4095,473,67,631,114
Right Arm,897.6877040863037,43,139,144,211,132,4095,0,0,0,13,0,80,252,0,43,0,167,470,321,289,755,944,4095,0,1323,4095,431,51,535,762
Right Arm,899.7066915035248,0,197,190,208,99,4095,0,0,0,2,0,77,286,0,0,0,109,481,365,357,719,846,4095,0,1495,4095,380,0,627,112
Right Arm,901.7177801132202,47,179,143,218,148,4095,0,0,0,11,0,56,272,0,17,0,112,543,341,349,801,860,4095,0,1479,4095,396,2,604,82
Right Arm,903.729855298996,0,128,209,209,122,4095,0,0,0,58,0,17,335,0,0,10,199,428,297,335,818,862,4095,0,1274,4095,483,0,595,79
Right Arm,905.7498307228088,33,123,153,222,202,4095,0,0,0,13,0,58,246,0,51,0,105,500,330,333,672,898,4095,0,1410,4095,377,75,624,872
Right Arm,907.7676839828491,48,173,130,208,126,4095,0,0,0,26,0,54,313,0,12,0,112,541,332,331,673,876,4095,0,1424,4095,365,0,624,147
Right Arm,909.786860704422,37,148,128,218,206,4095,0,0,0,16,0,26,317,0,0,0,174,482,313,298,723,960,4095,0,1327,4095,400,0,603,153
Right Arm,911.7982919216156,39,163,144,197,129,4095,0,0,0,16,0,48,241,0,54,0,181,500,320,317,715,992,4095,0,1348,4095,414,48,602,115
Right Arm,913.8281719684601,1,75,198,207,103,4095,0,0,0,0,0,67,305,0,0,0,113,544,355,345,743,880,4095,0,1439,4095,368,52,671,118
Right Arm,915.8397760391235,3,107,192,205,101,4095,0,0,0,0,0,61,92,0,0,0,102,528,326,324,688,912,4095,0,1359,4095,401,0,621,145
Right Arm,917.8582429885864,31,180,159,176,143,4095,0,0,0,13,0,48,336,0,0,0,178,495,310,287,750,942,4095,0,1302,4095,416,1,661,119
Right Arm,919.8775029182434,37,151,123,206,153,4095,0,0,0,16,0,26,316,0,0,25,144,451,256,336,845,881,4095,0,1297,4095,464,72,638,112
Right Arm,921.8966128826141,15,100,39,283,154,4095,0,0,0,42,0,14,277,0,0,0,92,473,367,358,695,859,4095,0,1443,4095,368,64,582,64
Right Arm,923.9047832489014,112,150,175,190,150,4095,0,0,0,83,0,16,267,0,41,18,146,463,256,343,832,891,4095,0,1376,4095,451,0,634,100
Right Arm,925.9222238063812,7,109,234,263,157,4095,0,0,0,63,0,25,287,0,4,0,79,474,261,394,710,816,4095,0,1523,4095,343,43,544,84
Right Arm,927.9383409023285,0,160,192,205,114,4095,0,0,0,0,0,75,271,0,52,0,117,536,336,333,656,881,4095,0,1355,4095,411,0,602,166
Right Arm,929.9572055339813,0,187,165,176,112,4095,0,0,0,2,0,64,330,0,2,0,126,532,322,355,683,838,4095,0,1441,4095,305,2,674,107
Right Arm,931.9785358905792,0,109,195,208,113,4095,0,0,0,16,0,107,256,0,1,0,87,471,403,379,718,768,4095,0,1453,4095,379,82,621,94
Right Arm,933.9988293647766,21,144,148,221,235,4095,0,0,0,80,0,38,262,0,31,0,172,464,303,304,720,903,4095,0,1338,4095,391,15,539,103
Right Arm,936.016918182373,0,135,199,225,146,4095,0,0,0,44,0,16,314,0,58,9,163,421,276,368,784,835,4095,0,1349,4095,402,157,640,304
Right Arm,938.0342910289764,0,112,175,210,134,4095,0,0,0,39,0,28,259,0,77,0,122,454,302,416,742,832,4095,0,1424,4095,399,77,654,207
Right Arm,940.0530407428741,14,167,176,194,163,4095,0,0,0,7,0,49,314,0,94,0,125,498,323,347,655,928,4095,0,1390,4095,347,74,573,261
Right Arm,942.0712506771088,0,185,159,179,159,4095,0,0,0,8,2,55,363,0,36,0,123,523,320,313,656,885,4095,0,1395,4095,365,26,675,288
Right Arm,944.0879352092743,15,160,181,178,131,4095,0,0,0,6,3,59,382,0,59,0,112,553,299,361,642,893,4095,0,1487,4095,307,43,687,303
Right Arm,946.099766254425,36,163,141,205,155,4095,0,0,0,11,0,57,387,0,48,0,119,545,327,335,655,887,4095,0,1435,4095,311,23,606,287
Right Arm,948.1214170455933,15,90,178,279,202,4095,0,0,0,72,0,0,355,0,22,22,171,466,271,337,742,865,4095,0,1278,4095,416,79,618,299
Right Arm,950.134640455246,0,194,182,195,116,4095,0,0,0,0,0,70,271,0,18,0,117,547,346,334,655,859,4095,0,1429,4095,313,64,617,182
Right Arm,952.1443376541138,0,182,181,209,135,4095,0,0,0,0,0,86,368,0,37,0,123,528,338,323,647,902,4095,0,1369,4095,329,30,619,271
Right Arm,954.1634786128998,0,152,199,236,176,4095,0,0,0,45,0,13,358,0,27,16,158,450,258,324,746,832,4095,0,1338,4095,354,16,665,249
Right Arm,956.1817350387573,13,185,192,177,114,4095,0,0,0,13,0,78,229,0,55,0,118,443,310,340,786,744,4095,0,1280,4095,403,0,684,108
Right Arm,958.1982128620148,0,176,146,205,121,4095,9,0,0,0,0,73,245,0,27,5,119,438,310,340,816,762,4095,0,1237,4095,393,57,624,112
Right Arm,960.2093937397003,2,203,203,206,131,4095,0,24,0,48,0,15,245,0,41,21,161,444,288,314,724,843,4095,0,1286,4095,326,70,636,83
Right Arm,962.2270863056183,0,149,212,239,176,4095,0,0,0,64,0,11,207,0,58,28,183,482,287,292,698,954,4095,0,1362,4095,348,0,594,167
Right Arm,964.2452087402344,10,161,181,87,208,4095,0,0,0,16,0,49,249,0,1,0,112,457,309,334,800,1014,4095,0,1363,4095,439,29,604,226
Right Arm,966.265486240387,0,117,214,246,208,4095,0,0,0,5,3,42,489,0,169,6,113,427,304,308,751,897,4095,0,1357,4095,342,134,640,483
Right Arm,968.2823159694672,17,119,156,291,138,4095,0,0,0,0,0,69,275,0,0,13,146,439,271,288,720,931,4095,0,1413,4095,331,3,578,115
Right Arm,970.299676656723,0,129,215,240,165,4095,0,0,0,83,0,37,247,0,47,0,114,378,374,397,731,731,4095,0,1327,4095,384,1,579,112
Right Arm,972.3184204101562,0,173,151,195,117,4095,0,0,0,53,0,5,304,0,0,0,189,380,349,365,692,819,4095,0,1390,4095,432,64,619,96
Right Arm,974.3372983932495,43,165,125,208,107,4095,0,0,0,48,0,31,170,0,18,28,186,463,299,326,700,890,4095,0,1424,4095,350,63,602,107
Right Arm,976.3478441238403,0,225,192,229,192,4095,0,0,0,68,0,0,219,0,68,0,113,535,330,339,688,842,4095,0,1442,4095,398,17,560,74
Right Arm,978.3684680461884,0,119,192,234,153,4095,0,0,0,53,0,2,293,0,18,0,171,479,319,308,699,944,4095,0,1423,4095,341,41,560,62
Right Arm,980.3865323066711,38,156,123,207,114,4095,0,0,0,17,0,80,266,0,14,11,141,426,274,307,752,914,4095,0,1322,4095,383,0,587,910
Right Arm,982.3962996006012,40,142,144,231,128,4095,0,0,0,0,0,74,244,0,52,64,119,433,304,336,839,879,4095,0,1289,4095,416,0,704,145
Right Arm,984.4128351211548,32,132,149,224,131,4095,0,0,0,4,0,67,272,0,54,6,110,449,333,338,813,903,4095,0,1265,4095,426,0,688,142
Right Arm,986.431928396225,13,113,163,219,185,4095,0,0,0,14,0,25,266,0,34,23,109,564,357,381,717,784,4095,0,1424,4095,416,0,655,125
Right Arm,988.4518136978149,3,173,155,185,99,4095,0,0,0,39,0,86,311,0,0,14,154,418,291,336,833,851,4095,0,1309,4095,405,43,576,65
Right Arm,990.4708111286163,0,98,193,208,169,4095,0,0,0,44,0,9,331,0,69,16,144,447,292,293,757,897,4095,0,1329,4095,391,14,669,122
Right Arm,992.4838318824768,0,144,203,221,163,4095,0,0,0,53,0,4,210,0,67,19,145,459,273,298,759,898,4095,0,1345,4095,391,0,688,129
Right Arm,994.4928774833679,4,192,164,181,92,4095,0,0,0,10,0,80,231,0,66,0,110,448,305,337,688,809,4095,0,1338,4095,445,11,688,126
Right Arm,996.4980993270874,16,101,161,288,202,4095,0,0,0,125,0,16,254,0,48,0,175,479,322,297,705,967,4095,0,1351,4095,374,61,586,71
Right Arm,998.508101940155,42,145,143,207,144,4095,0,0,0,22,3,61,273,0,4,0,105,543,373,352,703,823,4095,0,1501,4095,382,0,691,134
Right Arm,1000.5160458087921,0,148,207,242,130,4095,0,0,0,48,0,16,324,0,3,12,130,418,290,334,816,842,4095,0,1292,4095,464,3,619,80
Right Arm,1002.5245592594147,11,111,252,256,175,4095,0,0,0,59,0,0,220,0,54,18,143,454,259,327,843,866,4095,0,1266,4095,483,61,593,791
Right Arm,1004.5332221984863,11,112,158,272,179,4095,0,0,0,66,0,0,240,0,78,0,176,468,323,287,742,906,4095,0,1331,4095,375,67,622,91
Right Arm,1006.5381691455841,41,158,125,208,134,4095,0,0,0,36,7,72,206,0,0,0,119,554,380,343,701,813,4095,0,1492,4095,383,1,688,118
Right Arm,1008.5495376586914,14,167,161,187,113,4095,0,0,0,6,0,67,319,0,0,0,102,570,385,372,694,805,4095,0,1503,4095,381,4,563,80
Right Arm,1010.5640339851379,31,128,144,226,223,4095,0,0,0,0,0,19,324,0,6,0,193,503,325,338,705,885,4095,0,1352,4095,358,0,587,80
Right Arm,1012.5758602619171,16,97,175,267,174,4095,0,0,0,64,0,0,263,0,0,17,151,430,272,331,767,848,4095,0,1265,4095,471,0,680,136
Right Arm,1014.592903137207,0,136,190,223,114,4095,0,0,0,16,0,86,236,0,78,0,94,477,384,361,719,781,4095,0,1575,4095,367,70,605,90
Right Arm,1016.6125571727753,16,128,167,300,174,4095,0,0,0,67,0,0,260,0,36,15,144,464,286,327,827,837,4095,0,1285,4095,432,0,579,94
Right Arm,1018.6308877468109,16,166,173,192,137,4095,0,0,0,5,0,31,304,0,87,0,197,477,320,315,721,928,4095,0,1313,4095,370,65,592,77
Right Arm,1020.6501693725586,3,176,163,178,135,4095,0,0,0,5,0,51,289,0,0,0,112,486,342,317,705,819,4095,0,1357,4095,384,5,642,112
Walking,1063.3502283096313,41,140,130,210,231,4095,0,0,0,101,0,26,299,0,0,22,154,438,276,333,828,825,4095,0,1328,4095,423,131,640,110
Walking,1065.36825299263,24,102,157,272,153,4095,0,0,0,30,0,7,256,0,9,0,86,480,395,359,702,804,4095,0,1453,4095,320,39,563,64
Walking,1067.3864052295685,31,148,143,224,202,4095,0,0,0,59,0,0,239,0,58,0,109,457,333,380,731,717,4095,0,1501,4095,341,0,617,142
Walking,1069.3933758735657,21,121,169,221,185,4095,0,0,0,39,0,0,227,0,80,0,95,486,378,337,687,799,4095,0,1352,4095,340,0,607,162
Walking,1071.4149544239044,0,139,193,230,132,4095,0,0,0,22,5,76,237,0,37,0,173,479,288,327,765,789,4095,0,1346,4095,391,0,644,112
Walking,1073.434448003769,8,108,163,272,163,4095,0,0,0,14,0,80,279,0,0,0,114,501,322,305,754,893,4095,0,1259,4095,402,0,528,68
Walking,1075.4522950649261,7,127,208,219,99,4095,0,0,0,19,0,64,304,0,0,18,160,438,284,411,766,758,4095,0,1483,4095,325,21,535,74
Walking,1077.4640061855316,39,144,138,288,189,4095,0,0,0,110,0,30,270,0,0,0,123,413,336,300,751,833,4095,0,1334,4095,401,0,624,142
Walking,1079.4783487319946,39,168,141,206,217,4095,0,0,0,48,0,7,268,0,33,0,124,511,336,298,745,842,4095,0,1307,4095,400,5,547,96
Walking,1081.4906425476074,26,128,166,223,157,4095,0,0,0,1,0,75,257,0,35,23,159,445,270,414,763,743,4095,0,1440,4095,309,11,546,811
Walking,1083.4953074455261,0,206,183,208,144,4095,0,0,0,66,0,0,278,0,0,0,113,547,368,292,731,848,4095,0,1332,4095,422,0,659,128
Walking,1085.5045421123505,0,128,215,240,129,4095,0,0,0,90,0,23,306,0,63,0,108,482,380,302,721,890,4095,0,1267,4095,413,14,542,82
Walking,1087.5123085975647,0,128,213,251,95,4095,0,0,0,102,0,42,202,0,109,0,112,592,368,286,733,853,4095,0,1317,4095,398,11,569,801
Walking,1089.5213198661804,0,197,175,193,211,4095,0,0,0,48,0,11,231,0,59,0,178,464,303,414,765,747,4095,0,1418,4095,304,0,586,0
Walking,1091.5325753688812,64,114,162,262,101,4095,0,0,0,15,0,33,362,0,30,0,110,479,373,295,719,871,4095,0,1333,4095,389,0,630,102
Walking,1093.5424435138702,39,177,128,221,167,4095,0,0,0,0,0,75,197,0,64,10,124,431,313,341,689,766,4095,0,1274,4095,362,0,591,159
Walking,1095.559084892273,48,160,146,197,194,4095,0,0,0,1,0,70,263,0,0,2,128,427,310,350,670,771,4095,0,1254,4095,428,39,543,76
Walking,1097.5739059448242,23,134,157,221,128,4095,0,0,0,9,11,38,256,0,0,0,126,480,384,304,739,848,4095,0,1379,4095,375,11,560,74
Walking,1099.5918064117432,0,134,197,208,139,4095,0,0,0,51,0,11,207,0,73,26,171,449,282,378,718,701,4095,0,1296,4095,355,47,683,128
Walking,1101.6104419231415,18,103,169,280,99,4095,0,0,0,80,0,22,305,0,0,0,191,496,334,339,787,748,4095,0,1397,4095,317,47,544,71
Walking,1103.6294951438904,27,157,157,244,157,4095,0,0,0,16,0,41,225,0,34,0,122,534,354,320,829,819,4095,0,1462,4095,326,64,593,938
Walking,1105.6523320674896,33,142,162,222,143,4095,9,0,0,14,0,46,202,0,78,0,126,511,350,333,827,779,4095,0,1440,4095,319,69,623,123
Walking,1107.6706182956696,39,116,165,270,113,4095,0,0,0,64,0,0,224,0,50,26,167,480,299,379,715,720,4095,0,1271,4095,380,59,617,111
Walking,1109.6880667209625,6,175,163,210,160,4095,0,0,0,2,1,55,247,0,26,0,113,535,353,343,811,788,4095,0,1392,4095,304,16,554,75
Walking,1111.7066340446472,13,190,189,176,176,4095,0,0,0,0,0,60,192,0,64,0,123,535,368,333,800,782,4095,0,1382,4095,317,47,576,84
Walking,1113.7222623825073,36,172,135,208,145,4095,14,0,0,0,0,39,231,0,86,23,163,462,279,362,678,755,4095,0,1220,4095,439,48,655,84
Walking,1115.7408185005188,0,140,195,218,208,4095,0,0,0,0,0,73,233,0,47,0,111,547,368,347,815,769,4095,0,1371,4095,327,0,598,147
Walking,1117.7532334327698,16,111,189,270,151,4095,0,0,0,36,0,3,229,0,0,0,89,480,304,307,740,842,4095,0,1466,4095,338,30,562,78
Walking,1119.7713785171509,16,114,176,283,112,4095,0,0,0,76,0,18,277,0,0,2,125,432,303,283,730,864,4095,0,1439,4095,342,55,591,80
Walking,1121.7842304706573,5,107,121,272,139,4095,0,0,0,29,0,16,318,0,0,0,117,553,364,334,793,815,4095,0,1338,4095,327,67,611,154
Walking,1123.8030004501343,43,163,144,197,144,4095,16,0,0,79,0,12,247,0,1,14,149,411,303,306,695,813,4095,0,1397,4095,368,16,545,81
Walking,1125.8199701309204,0,111,192,217,181,4095,0,0,0,1,0,64,318,0,15,25,167,455,312,336,683,770,4095,0,1331,4095,389,80,606,108
Walking,1127.829252243042,0,155,199,107,189,4095,0,0,0,6,0,57,226,0,37,0,172,465,295,340,673,773,4095,0,1335,4095,375,0,644,114
Walking,1129.8488688468933,6,192,203,198,175,4095,0,0,0,4,0,37,217,0,35,16,197,425,295,326,678,802,4095,0,1406,4095,349,83,640,124
Walking,1131.8690655231476,5,176,161,183,147,4095,0,0,0,16,0,27,242,0,32,10,143,432,318,307,733,836,4095,0,1423,4095,316,64,605,901
Walking,1133.887094259262,38,134,141,220,99,4095,0,0,0,55,0,0,195,0,34,0,112,565,397,337,775,735,4095,0,1278,4095,343,45,617,105
Walking,1135.9057579040527,13,122,255,246,211,4095,0,0,0,0,0,61,256,0,0,25,173,360,293,339,678,773,4095,0,1374,4095,368,0,587,177
Walking,1137.9387056827545,2,176,145,203,127,4095,0,0,0,66,17,0,209,0,60,0,108,469,106,325,830,767,4095,0,1344,4095,337,64,624,97
Walking,1139.950611114502,13,101,164,282,142,4095,0,0,0,23,0,8,281,0,0,0,192,494,330,369,722,684,4095,0,1279,4095,400,7,542,94
Walking,1141.9561839103699,0,190,164,178,139,4095,0,0,0,80,0,14,208,0,66,6,86,465,321,320,713,784,4095,0,1334,4095,321,14,658,138
Walking,1143.9734086990356,0,137,198,128,174,4095,0,0,0,48,0,53,307,0,0,1,125,455,311,302,749,812,4095,0,1389,4095,307,13,563,91
Walking,1145.9891068935394,0,139,202,228,175,4095,0,0,0,11,0,92,240,0,0,0,124,450,315,298,748,816,4095,0,1380,4095,304,25,551,83
Walking,1148.0088024139404,5,94,204,208,165,4095,0,0,0,15,0,31,235,0,37,0,107,458,335,322,766,780,4095,0,1344,4095,336,15,527,103
Walking,1150.0286371707916,0,189,165,177,144,4095,0,0,0,69,0,0,301,0,4,0,103,484,375,337,778,623,4095,0,1251,4095,351,6,571,103
Walking,1152.047964811325,33,165,131,209,106,4095,0,0,0,48,0,0,289,0,0,0,118,523,355,377,736,681,4095,0,1274,4095,397,0,603,162
Walking,1154.066394329071,13,118,159,291,138,4095,0,0,0,0,0,74,231,0,15,19,157,459,274,312,696,785,4095,0,1464,4095,314,13,640,129
Walking,1156.0869598388672,0,194,183,202,159,4095,0,0,0,69,0,37,208,0,75,0,106,485,390,311,762,738,4095,0,1252,4095,433,34,563,67
Walking,1158.1045110225677,9,129,163,278,140,4095,0,0,0,0,0,66,274,0,0,19,142,426,314,285,717,847,4095,0,1401,4095,291,3,607,147
Walking,1160.1149184703827,45,189,158,192,116,4095,0,0,0,48,0,4,215,0,41,0,123,511,367,377,706,704,4095,0,1296,4095,375,25,543,82
Walking,1162.132930278778,0,32,195,229,160,4095,0,0,0,79,0,24,253,0,0,0,98,482,383,416,759,720,4095,0,1231,4095,400,67,621,128
Walking,1164.151359796524,0,135,210,245,163,4095,0,0,0,85,0,21,275,0,0,0,109,469,384,400,760,704,4095,0,1230,4095,401,0,655,139
Walking,1166.1693608760834,2,188,181,213,133,4095,0,0,0,45,0,17,278,0,22,0,205,485,329,346,672,754,4095,0,1397,4095,345,1,639,130
Walking,1168.179907798767,10,107,155,293,117,4095,0,0,0,0,12,80,237,0,3,2,123,439,320,320,594,782,4095,0,1274,4095,365,46,564,71
Walking,1170.1932423114777,3,197,164,183,127,4095,0,0,0,42,0,5,238,0,35,0,176,450,299,306,688,785,4095,0,1404,4095,298,0,624,155
Walking,1172.2015008926392,0,203,198,254,149,4095,0,0,0,67,0,0,223,0,0,0,111,507,345,345,684,741,4095,0,1381,4095,328,19,528,98
Walking,1174.2133445739746,1,125,220,353,192,4095,0,0,0,78,0,16,240,0,2,0,112,533,363,371,719,707,4095,0,1360,4095,350,34,562,74
Walking,1176.2198057174683,0,144,199,237,157,4095,0,0,0,64,0,10,285,0,7,0,101,489,328,334,675,753,4095,0,1475,4095,328,46,480,89
Walking,1178.2308156490326,0,203,187,218,134,4095,0,0,0,51,0,0,250,0,0,0,176,464,304,312,690,782,4095,0,1392,4095,293,47,537,91
Walking,1180.2424862384796,31,162,128,208,122,4095,0,0,0,0,0,80,214,0,0,0,129,450,317,327,816,752,4095,0,1250,4095,350,16,560,110
Walking,1182.2549722194672,0,154,213,250,166,4095,0,0,0,61,0,0,241,0,46,0,188,483,314,313,687,784,4095,0,1370,4095,322,0,655,144
Walking,1184.2725992202759,10,113,164,287,190,4095,0,0,0,16,0,35,239,0,0,0,118,523,353,347,692,743,4095,0,1451,4095,311,38,569,101
Walking,1186.2913537025452,10,112,241,291,176,4095,0,0,0,69,0,0,283,0,0,0,181,481,304,294,703,883,4095,0,1315,4095,315,28,533,106
Walking,1188.302836894989,0,190,173,174,137,4095,0,0,0,10,0,94,218,0,0,0,90,475,395,405,720,699,4095,0,1362,4095,351,0,609,149
Walking,1190.3208222389221,0,128,220,251,145,4095,0,0,0,46,0,5,225,0,27,13,140,433,304,336,806,747,4095,0,1235,4095,390,30,557,101
Walking,1192.3410341739655,15,120,232,263,176,4095,0,0,0,57,0,0,192,0,66,27,178,448,275,300,749,653,4095,0,1243,4095,335,59,593,969
Walking,1194.3622252941132,6,142,187,288,177,4095,0,0,0,63,0,0,220,0,0,28,149,448,274,314,747,784,4095,0,1258,4095,412,0,628,123
Walking,1196.3802576065063,0,153,211,250,192,4095,0,0,0,28,0,5,221,0,1,0,122,459,321,237,761,731,4095,0,1328,4095,358,74,624,115
Walking,1198.400161266327,14,176,153,162,128,4095,0,0,0,0,0,64,220,0,48,0,126,507,354,330,653,775,4095,0,1347,4095,311,32,558,80
Walking,1200.414871454239,4,126,251,244,150,4095,0,0,0,37,0,25,272,0,0,3,120,457,320,404,766,720,4095,0,1334,4095,342,0,611,153
Walking,1202.4332993030548,70,159,161,204,141,4095,0,0,0,6,0,35,193,0,58,0,188,494,333,304,704,847,4095,0,1311,4095,334,42,530,99
Walking,1204.4466845989227,0,134,214,243,133,4095,0,0,0,48,0,33,256,0,5,0,126,458,333,391,789,705,4095,0,1371,4095,347,2,682,145
Walking,1206.4645192623138,25,155,154,244,199,4095,0,0,0,71,0,1,207,0,43,21,150,444,285,311,757,762,4095,0,1210,4095,402,32,523,101
Walking,1208.4736442565918,46,127,145,208,135,4095,0,0,0,16,0,30,226,0,0,24,175,502,292,304,752,783,4095,0,1223,4095,415,48,625,981
Walking,1210.4933114051819,45,150,131,207,216,4095,0,0,0,82,0,21,256,0,11,18,163,435,256,318,831,758,4095,0,1247,4095,383,74,592,110
Walking,1212.5151541233063,19,101,164,283,181,4095,0,0,0,64,0,0,235,0,0,12,125,441,334,406,753,702,4095,0,1379,4095,346,48,599,127
Walking,1214.5346381664276,0,128,215,234,139,4095,0,0,0,34,0,16,192,0,57,0,112,477,379,357,662,749,4095,0,1392,4095,314,16,555,103
Walking,1216.555104970932,52,163,165,201,144,4095,0,0,0,16,0,38,223,0,16,19,150,450,287,325,822,752,4095,0,1282,4095,394,0,597,176
Walking,1218.5738496780396,0,125,230,257,171,4095,0,0,0,52,0,29,251,0,16,0,96,478,391,375,745,720,4095,0,1421,4095,295,35,554,101
Walking,1220.593420267105,0,210,177,208,111,4095,0,0,0,0,0,0,215,0,44,0,135,527,347,308,733,787,4095,0,1281,4095,319,0,593,190
Walking,1222.613537311554,34,163,140,208,216,4095,0,0,0,73,0,3,288,0,0,16,140,418,311,340,766,720,4095,0,1347,4095,351,21,641,135
Walking,1224.632149219513,0,211,179,215,112,4095,0,0,0,3,6,64,221,0,0,0,192,485,320,284,727,811,4095,0,1253,4095,332,13,528,117
Walking,1226.6476418972015,4,143,238,272,144,4095,0,0,0,18,0,64,267,0,0,0,112,547,381,336,663,753,4095,0,1325,4095,304,74,582,112
Walking,1228.6615335941315,11,112,162,283,176,4095,0,0,0,50,0,21,226,0,34,0,97,480,464,336,675,735,4095,0,1357,4095,311,3,656,135
Walking,1230.6787543296814,23,125,178,282,178,4095,0,0,0,49,0,14,220,0,39,0,105,473,393,336,674,723,4095,0,1351,4095,307,0,428,172
Walking,1232.7017211914062,1,128,235,256,206,4095,0,0,0,39,0,3,241,0,56,0,132,530,349,336,668,787,4095,0,1276,4095,337,2,674,142
Walking,1234.7187786102295,0,210,169,192,128,4095,0,0,0,5,19,52,239,0,13,16,156,447,277,343,791,723,4095,0,1375,4095,339,66,607,112
Walking,1236.7373731136322,16,134,160,283,175,4095,0,0,0,29,0,80,255,0,0,0,176,547,371,309,671,765,4095,0,1276,4095,325,7,568,110
Walking,1238.7484953403473,0,184,150,197,162,4095,0,0,0,77,0,4,247,0,31,2,116,451,333,356,703,691,4095,0,1361,4095,292,80,604,118
Walking,1240.7696616649628,0,195,161,183,142,4095,0,0,0,81,0,18,187,0,62,14,119,440,318,387,714,682,4095,0,1374,4095,302,0,659,137
Walking,1242.788332939148,0,208,171,199,140,4095,0,0,0,77,0,11,208,0,79,5,113,447,336,364,706,694,4095,0,1350,4095,313,0,674,144
Walking,1244.804716348648,38,182,132,233,205,4095,0,0,0,53,0,0,193,0,113,0,113,554,373,320,670,786,4095,0,1264,4095,357,5,657,144
Walking,1246.8273375034332,6,117,235,247,133,4095,0,0,0,0,0,51,245,0,64,24,154,445,288,336,768,720,4095,0,1408,4095,339,48,578,95
Walking,1248.8470449447632,16,172,141,231,182,4095,0,0,0,36,0,7,265,0,0,0,124,524,343,308,725,827,4095,0,1253,4095,397,0,609,190
Walking,1250.8644704818726,3,194,175,189,143,4095,0,0,0,70,0,0,240,0,25,0,106,474,391,336,653,782,4095,0,1266,4095,349,42,530,103
Walking,1252.871069908142,0,138,208,210,116,4095,0,0,0,16,0,29,215,0,75,0,123,443,324,358,688,720,4095,0,1328,4095,320,64,574,94
Walking,1254.8831901550293,1,125,221,238,109,4095,0,0,0,0,0,40,238,0,85,18,130,419,313,423,722,672,4095,0,1355,4095,301,81,602,125
Walking,1256.902678489685,0,129,213,226,114,4095,0,0,0,6,0,29,235,0,0,43,122,446,327,353,688,734,4095,0,1314,4095,336,5,645,130
Walking,1258.921228170395,0,214,189,213,133,4095,0,0,0,80,0,7,213,0,0,0,99,485,388,332,675,786,4095,0,1232,4095,415,80,592,118
Walking,1260.942455291748,48,163,124,209,201,4095,0,0,0,38,0,9,195,0,48,0,190,485,328,322,819,769,4095,0,1350,4095,352,16,547,89
Walking,1262.9525718688965,14,121,225,251,119,4095,0,0,0,11,0,39,226,0,9,2,106,457,336,343,665,761,4095,0,1251,4095,337,0,592,176
Walking,1264.9702870845795,25,145,145,219,160,4095,0,0,0,4,0,79,229,0,3,18,155,456,276,400,738,697,4095,0,1396,4095,301,49,581,75
Walking,1266.9885063171387,0,192,172,177,208,4095,0,0,0,48,0,0,260,0,0,0,143,501,336,317,751,773,4095,0,1354,4095,337,1,642,147
Walking,1269.010982990265,0,199,190,196,135,4095,0,0,0,61,0,0,222,0,16,0,117,511,346,305,743,782,4095,0,1332,4095,359,2,591,178
Walking,1271.0340068340302,0,190,170,177,205,4095,0,0,0,48,0,6,215,0,32,0,185,494,313,331,790,735,4095,0,1452,4095,320,7,595,176
Walking,1273.0492947101593,45,151,153,208,169,4095,0,0,0,34,0,105,218,0,10,27,143,439,304,381,729,663,4095,0,1326,4095,307,15,663,154
Walking,1275.0676419734955,17,99,171,272,126,4095,0,0,0,10,0,49,259,0,0,0,89,481,284,311,674,773,4095,0,1232,4095,417,67,611,112
Walking,1277.0873951911926,0,161,203,240,125,4095,0,0,0,78,0,9,210,0,75,0,115,535,368,303,717,834,4095,0,1299,4095,367,17,529,99
Walking,1279.1087038516998,0,211,180,213,137,4095,0,0,0,58,0,0,220,0,64,0,118,510,329,321,811,759,4095,0,1379,4095,339,0,576,128
Walking,1281.1255795955658,48,169,129,207,202,4095,0,0,0,26,0,11,223,0,35,29,153,443,293,396,739,691,4095,0,1354,4095,304,10,602,162
Walking,1283.142310142517,9,112,162,274,128,4095,0,0,0,5,0,41,272,0,39,0,95,486,396,314,686,774,4095,0,1232,4095,387,67,607,138
Walking,1285.1624279022217,2,180,156,192,193,4095,0,0,0,18,0,10,205,0,75,22,169,442,285,386,720,679,4095,0,1326,4095,309,31,544,112
Walking,1287.1778190135956,0,160,203,226,153,4095,0,0,0,63,0,1,271,0,0,0,186,478,353,337,793,721,4095,0,1413,4095,302,71,586,110
Walking,1289.1848878860474,0,127,225,254,126,4095,0,0,0,64,0,0,217,0,43,0,138,511,341,321,740,756,4095,0,1378,4095,323,0,632,147
Walking,1291.1917488574982,13,114,174,291,106,4095,0,0,0,30,0,45,214,0,42,0,112,543,379,312,740,813,4095,0,1339,4095,336,16,666,153
Walking,1293.1956841945648,16,101,167,272,124,4095,0,0,0,7,0,27,212,0,64,0,112,448,371,287,733,804,4095,0,1330,4095,348,0,605,181
Walking,1295.2051119804382,23,145,144,227,163,4095,0,0,0,0,14,62,207,0,72,0,116,449,307,348,649,771,4095,0,1229,4095,409,0,560,0
Walking,1297.2133285999298,2,182,176,208,207,4095,0,0,0,27,0,10,241,0,16,0,160,483,300,430,746,698,4095,0,1344,4095,304,0,509,103
Walking,1299.2207207679749,0,150,214,257,118,4095,0,0,0,72,0,0,274,0,0,0,115,509,350,315,718,757,4095,0,1375,4095,330,64,608,129
Walking,1301.2283103466034,13,111,164,274,125,4095,1,0,0,9,49,33,207,0,33,0,115,554,368,289,735,787,4095,0,1342,4095,348,0,677,174
Walking,1303.2366769313812,1,145,224,253,116,4095,0,0,0,65,0,0,185,0,57,0,208,465,332,335,781,735,4095,0,1394,4095,296,10,599,171
Walking,1305.2474899291992,15,189,193,176,211,4095,0,0,0,13,0,5,210,0,26,74,127,438,306,322,663,758,4095,0,1200,4095,397,72,609,138
Walking,1307.2633302211761,10,115,258,255,113,4095,0,0,0,67,0,16,240,0,0,0,190,496,309,340,768,696,4095,0,1363,4095,304,10,562,112
Walking,1309.2817347049713,48,166,147,206,170,4095,0,0,0,0,0,87,224,0,48,0,112,472,400,297,704,837,4095,0,1327,4095,342,66,611,112
Walking,1311.2980659008026,0,195,160,182,183,4095,0,0,0,16,0,80,227,0,1,5,102,461,341,301,698,882,4095,0,1325,4095,381,1,621,160
Walking,1313.3137700557709,43,176,144,198,166,4095,0,0,0,0,0,146,283,0,0,0,107,464,369,305,747,795,4095,0,1391,4095,331,0,610,163
Walking,1315.3341946601868,20,145,160,304,121,4095,0,0,0,81,0,21,214,0,74,0,179,496,310,400,765,707,4095,0,1322,4095,304,7,650,131
Walking,1317.3538208007812,41,129,211,236,149,4095,0,0,0,48,0,10,218,0,44,17,134,423,304,326,677,751,4095,0,1221,4095,417,49,578,83
Walking,1319.3704059123993,34,157,130,214,144,4095,0,0,0,59,13,50,274,0,0,0,134,526,346,336,774,727,4095,0,1353,4095,319,0,573,109
Walking,1321.3889746665955,0,214,178,208,199,4095,0,0,0,30,0,94,199,0,53,0,93,470,397,295,720,822,4095,0,1378,4095,330,48,567,86
Walking,1323.4052865505219,0,129,223,233,129,4095,0,0,0,52,0,20,252,0,3,47,126,428,318,309,667,781,4095,0,1312,4095,385,7,645,131
Walking,1325.4118793010712,30,119,186,291,118,4095,71,0,0,80,0,14,269,0,0,23,167,439,290,379,693,715,4095,0,1244,4095,422,11,601,174
Walking,1327.4188868999481,32,138,144,215,117,4095,0,0,0,78,0,16,229,0,25,28,162,442,278,363,714,722,4095,0,1232,4095,425,13,555,114
Walking,1329.4268248081207,17,103,183,274,128,4095,0,0,0,55,0,0,241,0,27,11,144,400,300,334,662,769,4095,0,1279,4095,358,0,578,112
Walking,1331.434693813324,0,131,220,227,139,4095,0,0,0,76,0,30,291,0,7,0,106,528,314,286,732,816,4095,0,1383,4095,317,58,607,159
Walking,1333.4533295631409,4,206,160,208,174,4095,0,0,0,0,1,50,245,0,0,0,116,528,358,336,771,726,4095,0,1328,4095,320,73,611,138
Walking,1335.4666233062744,39,148,134,208,135,4095,0,0,0,27,32,37,177,0,62,0,189,461,312,373,717,678,4095,0,1243,4095,344,61,561,93
Walking,1337.4853336811066,16,123,270,251,155,4095,0,0,0,34,0,1,231,0,52,0,105,452,320,286,742,824,4095,0,1388,4095,346,2,561,127
Walking,1339.5035381317139,33,167,127,211,139,4095,0,0,0,25,0,33,245,0,0,29,177,464,295,358,688,721,4095,0,1221,4095,414,90,609,130
Walking,1341.5220038890839,0,214,178,206,186,4095,0,0,0,0,0,54,238,0,48,0,126,510,343,128,773,710,4095,0,1286,4095,327,0,598,186
Walking,1343.5404782295227,10,115,237,253,138,4095,0,0,0,37,0,6,192,0,62,0,107,464,403,295,748,785,4095,0,1418,4095,381,35,528,103
Walking,1345.5595433712006,23,149,155,243,187,4095,0,0,0,61,0,0,271,0,13,6,132,427,316,310,685,851,4095,0,1360,4095,335,58,646,113
Walking,1347.5788333415985,26,144,144,222,102,4095,0,0,0,71,0,0,277,0,0,9,139,410,306,317,685,773,4095,0,1354,4095,356,0,637,134
Walking,1349.597857952118,42,150,127,206,129,4095,0,0,0,14,0,47,297,0,14,17,160,453,272,346,679,735,4095,0,1247,4095,390,11,643,141
Walking,1351.6110274791718,2,192,180,191,186,4095,0,0,0,15,0,79,293,0,48,0,119,510,332,414,747,709,4095,0,1285,4095,336,0,597,165
Walking,1353.628592967987,0,139,223,215,221,4095,0,0,0,0,0,67,183,0,60,0,112,536,374,335,797,731,4095,0,1362,4095,326,27,557,111
Walking,1355.64186501503,0,130,215,225,208,4095,0,0,0,40,0,101,199,0,67,0,131,541,371,329,795,734,4095,0,1320,4095,319,48,530,106
Walking,1357.6587464809418,0,143,202,225,199,4095,0,0,0,0,0,148,206,0,0,0,125,495,339,399,741,714,4095,0,1280,4095,342,34,526,103
Walking,1359.677653312683,2,179,156,195,154,4095,0,0,0,5,0,32,193,0,70,27,158,448,289,345,685,735,4095,0,1267,4095,368,9,560,110
Walking,1361.6963458061218,17,113,176,287,117,4095,0,0,0,48,0,14,209,0,27,0,97,489,399,325,752,766,4095,0,1365,4095,299,5,672,144
Walking,1363.7144420146942,7,149,180,183,156,4095,0,0,0,5,0,18,240,0,0,22,142,435,290,311,657,785,4095,0,1359,4095,341,43,545,95
Walking,1365.7309577465057,0,139,212,208,201,4095,0,0,0,6,0,58,212,0,16,0,170,461,320,349,688,711,4095,0,1253,4095,398,78,620,123
